origin,origin Airport,destination,depart_time,duration,arrival_time,airline,economy_fare,business_fare,first_fare
DEL,"Indira Gandhi International Airport, Delhi",BOM,08:00,02h 10m,10:10,Go First,4589,,
DEL,"Indira Gandhi International Airport, Delhi",BOM,10:55,02h 15m,13:10,Go First,4589,,
DEL,"Indira Gandhi International Airport, Delhi",BOM,19:45,02h 15m,22:00,Go First,4589,,
DEL,"Indira Gandhi International Airport, Delhi",BOM,20:50,02h 15m,23:05,Go First,4589,,
DEL,"Indira Gandhi International Airport, Delhi",BOM,07:20,02h 15m,09:35,SpiceJet,4813,,
DEL,"Indira Gandhi International Airport, Delhi",BOM,19:45,02h 15m,22:00,SpiceJet,4882,,
DEL,"Indira Gandhi International Airport, Delhi",BOM,21:40,02h 15m,23:55,SpiceJet,4882,,
DEL,"Indira Gandhi International Airport, Delhi",BOM,19:00,02h 10m,21:10,SpiceJet,4940,,
DEL,"Indira Gandhi International Airport, Delhi",BOM,14:30,02h 10m,16:40,Go First,5055,,
DEL,"Indira Gandhi International Airport, Delhi",BOM,22:45,02h 15m,01:00,Go First,5055,,
DEL,"Indira Gandhi International Airport, Delhi",BOM,18:20,02h 15m,20:35,Go First,5055,,
DEL,"Indira Gandhi International Airport, Delhi",BLR,06:05,02h 50m,08:55,SpiceJet,6353,,
DEL,"Indira Gandhi International Airport, Delhi",BLR,08:10,02h 30m,10:40,AirAsia India,7026,,
DEL,"Indira Gandhi International Airport, Delhi",BLR,21:40,02h 50m,00:30,AirAsia India,7026,,
DEL,"Indira Gandhi International Airport, Delhi",BLR,18:45,02h 55m,21:40,AirAsia India,7026,,
DEL,"Indira Gandhi International Airport, Delhi",BLR,20:30,02h 55m,23:25,Go First,7105,,
DEL,"Indira Gandhi International Airport, Delhi",BLR,05:50,02h 45m,08:35,Go First,7106,,
DEL,"Indira Gandhi International Airport, Delhi",BLR,20:00,02h 30m,22:30,SpiceJet,8380,,
DEL,"Indira Gandhi International Airport, Delhi",BLR,09:35,02h 50m,12:25,AirAsia India,8590,,
DEL,"Indira Gandhi International Airport, Delhi",MAA,13:45,02h 50m,16:35,Vistara,10462,11891,
DEL,"Indira Gandhi International Airport, Delhi",MAA,19:55,02h 50m,22:45,Vistara,10462,11891,
DEL,"Indira Gandhi International Airport, Delhi",MAA,08:45,02h 40m,11:25,SpiceJet,10644,,
DEL,"Indira Gandhi International Airport, Delhi",MAA,18:25,02h 45m,21:10,SpiceJet,10644,,
DEL,"Indira Gandhi International Airport, Delhi",MAA,07:00,02h 50m,09:50,Vistara,10644,11891,
DEL,"Indira Gandhi International Airport, Delhi",MAA,20:40,02h 55m,23:35,Air India,10646,,30622
DEL,"Indira Gandhi International Airport, Delhi",MAA,09:45,02h 55m,12:40,Air India,10646,,30622
DEL,"Indira Gandhi International Airport, Delhi",COK,04:55,03h 20m,08:15,Air India,11740,,33138
DEL,"Indira Gandhi International Airport, Delhi",COK,15:55,03h 15m,19:10,Vistara,11767,14288,33150
DEL,"Indira Gandhi International Airport, Delhi",COK,05:30,03h 10m,08:40,Vistara,11949,14288,37281
DEL,"Indira Gandhi International Airport, Delhi",COK,05:50,03h 05m,08:55,IndiGo,12345,,
DEL,"Indira Gandhi International Airport, Delhi",COK,17:55,03h 10m,21:05,IndiGo,12345,,
DEL,"Indira Gandhi International Airport, Delhi",COK,14:55,03h 15m,18:10,AirAsia India,12346,,
DEL,"Indira Gandhi International Airport, Delhi",HYD,21:55,02h 20m,00:15,SpiceJet,6661,,
DEL,"Indira Gandhi International Airport, Delhi",HYD,05:45,02h 00m,07:45,Go First,6979,,
DEL,"Indira Gandhi International Airport, Delhi",HYD,18:55,02h 10m,21:05,Go First,6979,,
DEL,"Indira Gandhi International Airport, Delhi",HYD,07:10,02h 15m,09:25,Air India,9023,,
DEL,"Indira Gandhi International Airport, Delhi",HYD,07:20,02h 05m,09:25,Vistara,9681,10933,
DEL,"Indira Gandhi International Airport, Delhi",HYD,14:45,02h 15m,17:00,Vistara,9681,10760,
DEL,"Indira Gandhi International Airport, Delhi",HYD,20:35,02h 20m,22:55,Vistara,9681,10760,26375
DEL,"Indira Gandhi International Airport, Delhi",HYD,09:45,02h 05m,11:50,Air India,9868,,
DEL,"Indira Gandhi International Airport, Delhi",HYD,21:30,02h 15m,23:45,Air India,9868,,26427
DEL,"Indira Gandhi International Airport, Delhi",TRV,08:10,03h 15m,11:25,Vistara,13546,15966,37281
DEL,"Indira Gandhi International Airport, Delhi",TRV,15:00,03h 15m,18:15,Air India,13731,,64344
DEL,"Indira Gandhi International Airport, Delhi",TRV,21:35,03h 15m,00:50,IndiGo,14124,,
DEL,"Indira Gandhi International Airport, Delhi",CCU,05:30,02h 10m,07:40,Go First,5218,,
DEL,"Indira Gandhi International Airport, Delhi",CCU,07:00,02h 05m,09:05,SpiceJet,5424,,
DEL,"Indira Gandhi International Airport, Delhi",CCU,19:30,02h 25m,21:55,SpiceJet,6280,,
DEL,"Indira Gandhi International Airport, Delhi",CCU,20:15,02h 10m,22:25,Air India,8709,,30742
DEL,"Indira Gandhi International Airport, Delhi",CCU,17:30,02h 05m,19:35,Vistara,9344,,
DEL,"Indira Gandhi International Airport, Delhi",CCU,07:30,02h 05m,09:35,Vistara,9344,10931,
DEL,"Indira Gandhi International Airport, Delhi",CCU,06:15,02h 05m,08:20,Vistara,9344,10931,
DEL,"Indira Gandhi International Airport, Delhi",CCU,15:55,02h 10m,18:05,Vistara,9344,10878,
DEL,"Indira Gandhi International Airport, Delhi",CCU,20:30,02h 15m,22:45,Vistara,9344,10638,30570
DEL,"Indira Gandhi International Airport, Delhi",AMD,05:45,01h 40m,07:25,SpiceJet,4745,,
DEL,"Indira Gandhi International Airport, Delhi",AMD,17:05,01h 20m,18:25,Go First,5100,,
DEL,"Indira Gandhi International Airport, Delhi",AMD,05:20,01h 35m,06:55,Go First,5100,,
DEL,"Indira Gandhi International Airport, Delhi",AMD,20:20,01h 35m,21:55,Go First,5100,,
DEL,"Indira Gandhi International Airport, Delhi",AMD,18:10,01h 30m,19:40,SpiceJet,5653,,
DEL,"Indira Gandhi International Airport, Delhi",AMD,06:30,01h 25m,07:55,Vistara,7712,9075,21881
DEL,"Indira Gandhi International Airport, Delhi",AMD,21:20,01h 40m,23:00,Vistara,7712,10034,20383
DEL,"Indira Gandhi International Airport, Delhi",AMD,18:10,01h 45m,19:55,Vistara,7712,10034,26195
DEL,"Indira Gandhi International Airport, Delhi",AMD,19:00,01h 35m,20:35,Air India,7825,,22593
DEL,"Indira Gandhi International Airport, Delhi",GOI,15:10,02h 30m,17:40,SpiceJet,6059,,
DEL,"Indira Gandhi International Airport, Delhi",GOI,12:05,02h 20m,14:25,SpiceJet,6118,,
DEL,"Indira Gandhi International Airport, Delhi",GOI,10:40,02h 35m,13:15,AirAsia India,7161,,
DEL,"Indira Gandhi International Airport, Delhi",GOI,10:50,02h 40m,13:30,Go First,7756,,
DEL,"Indira Gandhi International Airport, Delhi",GOI,09:00,02h 35m,11:35,SpiceJet,8361,,
DEL,"Indira Gandhi International Airport, Delhi",GOI,22:00,02h 40m,00:40,Air India,9989,,33199
DEL,"Indira Gandhi International Airport, Delhi",GOI,11:10,02h 40m,13:50,Vistara,10647,12670,37340
DEL,"Indira Gandhi International Airport, Delhi",GOI,18:40,02h 40m,21:20,Vistara,10647,12011,45070
DEL,"Indira Gandhi International Airport, Delhi",GOI,10:45,02h 50m,13:35,Air India,10738,,
DEL,"Indira Gandhi International Airport, Delhi",GAU,15:20,02h 25m,17:45,Vistara,9975,10638,32809
DEL,"Indira Gandhi International Airport, Delhi",GAU,09:40,02h 25m,12:05,Vistara,9975,12620,32809
DEL,"Indira Gandhi International Airport, Delhi",GAU,10:20,02h 15m,12:35,SpiceJet,10158,,
DEL,"Indira Gandhi International Airport, Delhi",GAU,09:30,02h 35m,12:05,Air India,10159,,29665
DEL,"Indira Gandhi International Airport, Delhi",VTZ,16:15,01h 55m,18:10,AirAsia India,9417,,
DEL,"Indira Gandhi International Airport, Delhi",VTZ,05:30,02h 15m,07:45,Air India,9441,,22207
DEL,"Indira Gandhi International Airport, Delhi",VTZ,15:00,02h 20m,17:20,Air India,9525,,22207
DEL,"Indira Gandhi International Airport, Delhi",VTZ,05:05,02h 20m,07:25,IndiGo,9911,,
DEL,"Indira Gandhi International Airport, Delhi",VTZ,19:35,02h 25m,22:00,IndiGo,9911,,
DEL,"Indira Gandhi International Airport, Delhi",ATQ,08:00,01h 10m,09:10,Vistara,6546,7937,17087
DEL,"Indira Gandhi International Airport, Delhi",ATQ,13:40,01h 10m,14:50,Vistara,6546,9795,17278
DEL,"Indira Gandhi International Airport, Delhi",ATQ,19:20,01h 30m,20:50,SpiceJet,6728,,
DEL,"Indira Gandhi International Airport, Delhi",ATQ,21:15,01h 10m,22:25,Air India,6730,,17201
DEL,"Indira Gandhi International Airport, Delhi",ATQ,22:10,01h 15m,23:25,IndiGo,7124,,
DEL,"Indira Gandhi International Airport, Delhi",NAG,05:15,01h 45m,07:00,Air India,8036,,20068
DEL,"Indira Gandhi International Airport, Delhi",NAG,17:50,01h 45m,19:35,Go First,8456,,
DEL,"Indira Gandhi International Airport, Delhi",NAG,09:35,01h 30m,11:05,IndiGo,8578,,
DEL,"Indira Gandhi International Airport, Delhi",NAG,05:15,01h 40m,06:55,IndiGo,8578,,
DEL,"Indira Gandhi International Airport, Delhi",NAG,13:25,01h 40m,15:05,IndiGo,8578,,
DEL,"Indira Gandhi International Airport, Delhi",NAG,20:55,01h 40m,22:35,IndiGo,8578,,
DEL,"Indira Gandhi International Airport, Delhi",SXR,13:50,01h 35m,15:25,SpiceJet,4286,,
DEL,"Indira Gandhi International Airport, Delhi",SXR,14:50,01h 35m,16:25,SpiceJet,4286,,
DEL,"Indira Gandhi International Airport, Delhi",SXR,16:35,01h 35m,18:10,SpiceJet,4286,,
DEL,"Indira Gandhi International Airport, Delhi",SXR,09:25,01h 35m,11:00,SpiceJet,4286,,
DEL,"Indira Gandhi International Airport, Delhi",SXR,05:20,01h 25m,06:45,Go First,4773,,
DEL,"Indira Gandhi International Airport, Delhi",SXR,13:45,01h 25m,15:10,Go First,4773,,
DEL,"Indira Gandhi International Airport, Delhi",SXR,17:45,01h 25m,19:10,Go First,4773,,
DEL,"Indira Gandhi International Airport, Delhi",SXR,11:00,01h 30m,12:30,Go First,4773,,
DEL,"Indira Gandhi International Airport, Delhi",SXR,06:10,01h 30m,07:40,Go First,4773,,
DEL,"Indira Gandhi International Airport, Delhi",SXR,11:50,01h 30m,13:20,Go First,4773,,
DEL,"Indira Gandhi International Airport, Delhi",SXR,19:35,01h 30m,21:05,Go First,4773,,
DEL,"Indira Gandhi International Airport, Delhi",SXR,08:00,01h 30m,09:30,Go First,4773,,
DEL,"Indira Gandhi International Airport, Delhi",SXR,12:30,01h 30m,14:00,Go First,4773,,
DEL,"Indira Gandhi International Airport, Delhi",IXE,07:40,02h 35m,10:15,IndiGo,12099,,
DEL,"Indira Gandhi International Airport, Delhi",IDR,13:05,01h 30m,14:35,Air India,7726,,16857
DEL,"Indira Gandhi International Airport, Delhi",IDR,14:30,01h 30m,16:00,Air India,7726,,16857
DEL,"Indira Gandhi International Airport, Delhi",IDR,18:00,01h 20m,19:20,Vistara,7990,,
DEL,"Indira Gandhi International Airport, Delhi",IDR,05:55,01h 30m,07:25,Vistara,7990,,
DEL,"Indira Gandhi International Airport, Delhi",IDR,20:20,01h 20m,21:40,IndiGo,8578,,
DEL,"Indira Gandhi International Airport, Delhi",IDR,17:50,01h 25m,19:15,IndiGo,8578,,
DEL,"Indira Gandhi International Airport, Delhi",IDR,10:10,01h 35m,11:45,IndiGo,8578,,
DEL,"Indira Gandhi International Airport, Delhi",PAT,18:55,01h 55m,20:50,SpiceJet,4904,,
DEL,"Indira Gandhi International Airport, Delhi",PAT,09:35,01h 55m,11:30,SpiceJet,4904,,
DEL,"Indira Gandhi International Airport, Delhi",PAT,06:20,01h 35m,07:55,Go First,5249,,
DEL,"Indira Gandhi International Airport, Delhi",PAT,12:35,01h 35m,14:10,Go First,5250,,
DEL,"Indira Gandhi International Airport, Delhi",PAT,15:10,01h 40m,16:50,Go First,5250,,
DEL,"Indira Gandhi International Airport, Delhi",PAT,13:45,01h 40m,15:25,Air India,7508,,23432
DEL,"Indira Gandhi International Airport, Delhi",PAT,16:45,01h 50m,18:35,Air India,7508,,23432
DEL,"Indira Gandhi International Airport, Delhi",PAT,08:00,01h 35m,09:35,Vistara,7990,,26974
DEL,"Indira Gandhi International Airport, Delhi",PAT,18:15,01h 40m,19:55,Vistara,7990,,26974
BOM,"Chhatrapati Shivaji International Airport, Mumbai",DEL,12:10,02h 10m,14:20,Go First,4984,,
BOM,"Chhatrapati Shivaji International Airport, Mumbai",DEL,06:00,02h 05m,08:05,Go First,4985,,
BOM,"Chhatrapati Shivaji International Airport, Mumbai",DEL,23:00,02h 10m,01:10,Go First,4985,,
BOM,"Chhatrapati Shivaji International Airport, Mumbai",DEL,08:05,02h 10m,10:15,Go First,4985,,
BOM,"Chhatrapati Shivaji International Airport, Mumbai",DEL,21:15,02h 15m,23:30,Go First,4985,,
BOM,"Chhatrapati Shivaji International Airport, Mumbai",DEL,07:20,02h 15m,09:35,SpiceJet,5269,,
BOM,"Chhatrapati Shivaji International Airport, Mumbai",DEL,16:00,02h 20m,18:20,SpiceJet,5269,,
BOM,"Chhatrapati Shivaji International Airport, Mumbai",DEL,19:35,02h 20m,21:55,SpiceJet,5269,,
BOM,"Chhatrapati Shivaji International Airport, Mumbai",DEL,00:35,02h 25m,03:00,SpiceJet,5269,,
BOM,"Chhatrapati Shivaji International Airport, Mumbai",BLR,06:45,01h 35m,08:20,Go First,4635,,
BOM,"Chhatrapati Shivaji International Airport, Mumbai",BLR,15:50,01h 50m,17:40,Go First,4635,,
BOM,"Chhatrapati Shivaji International Airport, Mumbai",BLR,20:30,01h 50m,22:20,Go First,4635,,
BOM,"Chhatrapati Shivaji International Airport, Mumbai",BLR,21:20,01h 50m,23:10,AirAsia India,4836,,
BOM,"Chhatrapati Shivaji International Airport, Mumbai",MAA,05:45,02h 00m,07:45,Go First,6344,,
BOM,"Chhatrapati Shivaji International Airport, Mumbai",MAA,19:35,01h 55m,21:30,SpiceJet,6568,,
BOM,"Chhatrapati Shivaji International Airport, Mumbai",MAA,05:40,02h 10m,07:50,SpiceJet,8811,,
BOM,"Chhatrapati Shivaji International Airport, Mumbai",MAA,09:00,01h 55m,10:55,Air India,9428,,26534
BOM,"Chhatrapati Shivaji International Airport, Mumbai",MAA,00:20,01h 50m,02:10,IndiGo,9900,,
BOM,"Chhatrapati Shivaji International Airport, Mumbai",MAA,19:40,01h 55m,21:35,IndiGo,9900,,
BOM,"Chhatrapati Shivaji International Airport, Mumbai",MAA,15:30,01h 55m,17:25,IndiGo,9900,,
BOM,"Chhatrapati Shivaji International Airport, Mumbai",MAA,05:35,01h 55m,07:30,IndiGo,9900,,
BOM,"Chhatrapati Shivaji International Airport, Mumbai",COK,17:25,02h 10m,19:35,Go First,8403,,
BOM,"Chhatrapati Shivaji International Airport, Mumbai",COK,05:05,02h 10m,07:15,Go First,8403,,
BOM,"Chhatrapati Shivaji International Airport, Mumbai",COK,05:30,02h 00m,07:30,Air India,9428,,22270
BOM,"Chhatrapati Shivaji International Airport, Mumbai",COK,17:10,02h 05m,19:15,Air India,9428,,49052
BOM,"Chhatrapati Shivaji International Airport, Mumbai",COK,17:25,01h 55m,19:20,IndiGo,9900,,
BOM,"Chhatrapati Shivaji International Airport, Mumbai",HYD,21:20,01h 20m,22:40,Vistara,6417,8164,
BOM,"Chhatrapati Shivaji International Airport, Mumbai",HYD,06:20,01h 30m,07:50,Vistara,6417,,19471
BOM,"Chhatrapati Shivaji International Airport, Mumbai",HYD,10:45,01h 30m,12:15,Vistara,6417,,19471
BOM,"Chhatrapati Shivaji International Airport, Mumbai",HYD,19:20,01h 35m,20:55,Vistara,6417,8164,
BOM,"Chhatrapati Shivaji International Airport, Mumbai",HYD,20:10,01h 30m,21:40,Air India,6599,,19584
BOM,"Chhatrapati Shivaji International Airport, Mumbai",HYD,17:30,01h 20m,18:50,IndiGo,6986,,
BOM,"Chhatrapati Shivaji International Airport, Mumbai",HYD,09:00,01h 25m,10:25,IndiGo,6986,,
BOM,"Chhatrapati Shivaji International Airport, Mumbai",HYD,19:55,01h 25m,21:20,IndiGo,6986,,
BOM,"Chhatrapati Shivaji International Airport, Mumbai",HYD,16:05,01h 25m,17:30,IndiGo,6986,,
BOM,"Chhatrapati Shivaji International Airport, Mumbai",HYD,18:05,01h 25m,19:30,IndiGo,6986,,
BOM,"Chhatrapati Shivaji International Airport, Mumbai",HYD,06:05,01h 25m,07:30,IndiGo,6986,,
BOM,"Chhatrapati Shivaji International Airport, Mumbai",TRV,17:20,02h 20m,19:40,Air India,9512,,
BOM,"Chhatrapati Shivaji International Airport, Mumbai",TRV,19:30,02h 05m,21:35,IndiGo,9900,,
BOM,"Chhatrapati Shivaji International Airport, Mumbai",TRV,22:50,02h 10m,01:00,IndiGo,9900,,
BOM,"Chhatrapati Shivaji International Airport, Mumbai",TRV,15:30,02h 15m,17:45,IndiGo,9900,,
BOM,"Chhatrapati Shivaji International Airport, Mumbai",CCU,20:50,02h 45m,23:35,SpiceJet,6514,,
BOM,"Chhatrapati Shivaji International Airport, Mumbai",CCU,06:10,02h 45m,08:55,SpiceJet,6514,,
BOM,"Chhatrapati Shivaji International Airport, Mumbai",CCU,06:05,02h 40m,08:45,Go First,6772,,
BOM,"Chhatrapati Shivaji International Airport, Mumbai",CCU,17:20,02h 35m,19:55,Vistara,10633,,34271
BOM,"Chhatrapati Shivaji International Airport, Mumbai",CCU,07:00,02h 40m,09:40,Vistara,10633,,34271
BOM,"Chhatrapati Shivaji International Airport, Mumbai",CCU,14:05,02h 50m,16:55,Vistara,10633,,
BOM,"Chhatrapati Shivaji International Airport, Mumbai",CCU,21:05,02h 45m,23:50,Air India,10724,,34444
BOM,"Chhatrapati Shivaji International Airport, Mumbai",CCU,06:00,02h 50m,08:50,Air India,10724,,
BOM,"Chhatrapati Shivaji International Airport, Mumbai",AMD,07:05,01h 10m,08:15,Go First,4683,,
BOM,"Chhatrapati Shivaji International Airport, Mumbai",AMD,15:55,01h 10m,17:05,Go First,4683,,
BOM,"Chhatrapati Shivaji International Airport, Mumbai",AMD,19:35,01h 25m,21:00,Go First,4683,,
BOM,"Chhatrapati Shivaji International Airport, Mumbai",AMD,21:50,01h 20m,23:10,Go First,4913,,
BOM,"Chhatrapati Shivaji International Airport, Mumbai",AMD,22:35,01h 15m,23:50,Vistara,6648,7804,17908
BOM,"Chhatrapati Shivaji International Airport, Mumbai",AMD,06:35,01h 15m,07:50,Vistara,6648,7632,
BOM,"Chhatrapati Shivaji International Airport, Mumbai",AMD,20:00,01h 25m,21:25,Vistara,6648,7804,13592
BOM,"Chhatrapati Shivaji International Airport, Mumbai",AMD,18:35,01h 25m,20:00,Air India,6718,,13692
BOM,"Chhatrapati Shivaji International Airport, Mumbai",GOI,20:40,01h 20m,22:00,AirAsia India,3756,,
BOM,"Chhatrapati Shivaji International Airport, Mumbai",GOI,15:20,01h 25m,16:45,Go First,3977,,
BOM,"Chhatrapati Shivaji International Airport, Mumbai",GOI,16:30,01h 25m,17:55,Go First,4021,,
BOM,"Chhatrapati Shivaji International Airport, Mumbai",GOI,21:00,01h 20m,22:20,Air India,5432,,20423
BOM,"Chhatrapati Shivaji International Airport, Mumbai",GOI,15:35,01h 30m,17:05,SpiceJet,6130,,
BOM,"Chhatrapati Shivaji International Airport, Mumbai",GOI,11:30,01h 15m,12:45,Go First,6309,,
BOM,"Chhatrapati Shivaji International Airport, Mumbai",GOI,13:25,01h 10m,14:35,Air India,6599,,
BOM,"Chhatrapati Shivaji International Airport, Mumbai",GOI,05:05,01h 15m,06:20,Air India,6599,,20423
BOM,"Chhatrapati Shivaji International Airport, Mumbai",GAU,19:45,03h 10m,22:55,IndiGo,11784,,
BOM,"Chhatrapati Shivaji International Airport, Mumbai",GAU,05:55,03h 10m,09:05,IndiGo,11784,,
BOM,"Chhatrapati Shivaji International Airport, Mumbai",VTZ,09:50,03h 40m,13:30,Air India,9512,,
BOM,"Chhatrapati Shivaji International Airport, Mumbai",VTZ,17:45,02h 10m,19:55,IndiGo,9900,,
BOM,"Chhatrapati Shivaji International Airport, Mumbai",ATQ,05:55,02h 40m,08:35,Air India,10632,,22208
BOM,"Chhatrapati Shivaji International Airport, Mumbai",ATQ,09:15,02h 25m,11:40,Go First,10909,,
BOM,"Chhatrapati Shivaji International Airport, Mumbai",ATQ,06:30,01h 55m,08:25,IndiGo,11027,,
BOM,"Chhatrapati Shivaji International Airport, Mumbai",NAG,19:15,01h 25m,20:40,Go First,6534,,
BOM,"Chhatrapati Shivaji International Airport, Mumbai",NAG,06:15,01h 35m,07:50,Go First,6534,,
BOM,"Chhatrapati Shivaji International Airport, Mumbai",NAG,05:35,01h 45m,07:20,Air India,7560,,16857
BOM,"Chhatrapati Shivaji International Airport, Mumbai",NAG,18:50,01h 40m,20:30,Air India,8093,,16857
BOM,"Chhatrapati Shivaji International Airport, Mumbai",NAG,09:40,01h 30m,11:10,IndiGo,8566,,
BOM,"Chhatrapati Shivaji International Airport, Mumbai",SXR,04:30,02h 45m,07:15,Go First,11998,,
BOM,"Chhatrapati Shivaji International Airport, Mumbai",SXR,10:05,02h 40m,12:45,SpiceJet,12149,,
BOM,"Chhatrapati Shivaji International Airport, Mumbai",SXR,14:15,02h 55m,17:10,SpiceJet,12149,,
BOM,"Chhatrapati Shivaji International Airport, Mumbai",SXR,07:05,03h 00m,10:05,SpiceJet,12149,,
BOM,"Chhatrapati Shivaji International Airport, Mumbai",SXR,10:50,02h 40m,13:30,Go First,12550,,
BOM,"Chhatrapati Shivaji International Airport, Mumbai",SXR,10:25,02h 45m,13:10,Vistara,13168,16912,54539
BOM,"Chhatrapati Shivaji International Airport, Mumbai",IXE,11:30,01h 30m,13:00,Go First,6152,,
BOM,"Chhatrapati Shivaji International Airport, Mumbai",IXE,10:30,01h 35m,12:05,Air India,7952,,17457
BOM,"Chhatrapati Shivaji International Airport, Mumbai",IXE,18:45,01h 25m,20:10,IndiGo,8417,,
BOM,"Chhatrapati Shivaji International Airport, Mumbai",IXE,11:45,01h 25m,13:10,IndiGo,8417,,
BOM,"Chhatrapati Shivaji International Airport, Mumbai",IXE,08:50,01h 35m,10:25,IndiGo,8417,,
BOM,"Chhatrapati Shivaji International Airport, Mumbai",IDR,12:45,01h 10m,13:55,Vistara,6648,,
BOM,"Chhatrapati Shivaji International Airport, Mumbai",IDR,07:20,01h 20m,08:40,Air India,6837,,16857
BOM,"Chhatrapati Shivaji International Airport, Mumbai",IDR,15:00,01h 10m,16:10,IndiGo,7237,,
BOM,"Chhatrapati Shivaji International Airport, Mumbai",IDR,10:20,01h 15m,11:35,IndiGo,7237,,
BOM,"Chhatrapati Shivaji International Airport, Mumbai",IDR,07:15,01h 15m,08:30,IndiGo,7237,,
BOM,"Chhatrapati Shivaji International Airport, Mumbai",IDR,20:45,01h 20m,22:05,IndiGo,7237,,
BOM,"Chhatrapati Shivaji International Airport, Mumbai",PAT,14:25,02h 25m,16:50,SpiceJet,10632,,
BOM,"Chhatrapati Shivaji International Airport, Mumbai",PAT,06:00,02h 45m,08:45,Air India,10632,,22207
BOM,"Chhatrapati Shivaji International Airport, Mumbai",PAT,17:55,02h 20m,20:15,IndiGo,11027,,
BOM,"Chhatrapati Shivaji International Airport, Mumbai",PAT,09:10,02h 30m,11:40,IndiGo,11027,,
BOM,"Chhatrapati Shivaji International Airport, Mumbai",PAT,11:20,02h 30m,13:50,Go First,11027,,
BLR,Bengaluru International Airport,DEL,21:50,02h 45m,00:35,SpiceJet,7324,,
BLR,Bengaluru International Airport,DEL,05:55,02h 30m,08:25,SpiceJet,7420,,
BLR,Bengaluru International Airport,DEL,11:15,02h 40m,13:55,AirAsia India,7448,,
BLR,Bengaluru International Airport,DEL,06:10,02h 45m,08:55,AirAsia India,7448,,
BLR,Bengaluru International Airport,DEL,22:30,02h 50m,01:20,AirAsia India,7448,,
BLR,Bengaluru International Airport,DEL,19:25,02h 50m,22:15,AirAsia India,7448,,
BLR,Bengaluru International Airport,DEL,18:15,02h 55m,21:10,AirAsia India,7448,,
BLR,Bengaluru International Airport,DEL,05:45,02h 40m,08:25,Go First,7742,,
BLR,Bengaluru International Airport,DEL,21:00,02h 45m,23:45,Go First,7742,,
BLR,Bengaluru International Airport,BOM,18:45,01h 55m,20:40,AirAsia India,5660,,
BLR,Bengaluru International Airport,BOM,08:55,01h 40m,10:35,Go First,5937,,
BLR,Bengaluru International Airport,BOM,17:00,01h 45m,18:45,Go First,5937,,
BLR,Bengaluru International Airport,BOM,18:25,01h 40m,20:05,Go First,5938,,
BLR,Bengaluru International Airport,BOM,06:40,01h 35m,08:15,Vistara,8000,9532,
BLR,Bengaluru International Airport,BOM,08:30,01h 45m,10:15,Vistara,8000,,
BLR,Bengaluru International Airport,BOM,21:40,01h 45m,23:25,Vistara,8000,,
BLR,Bengaluru International Airport,BOM,18:55,01h 45m,20:40,Vistara,8000,,
BLR,Bengaluru International Airport,BOM,10:15,01h 45m,12:00,Vistara,8000,,
BLR,Bengaluru International Airport,BOM,18:25,01h 50m,20:15,Vistara,8179,9532,
BLR,Bengaluru International Airport,MAA,05:45,01h 30m,07:15,SpiceJet,6179,,
BLR,Bengaluru International Airport,MAA,08:05,01h 00m,09:05,IndiGo,6945,,
BLR,Bengaluru International Airport,MAA,11:10,01h 00m,12:10,IndiGo,6945,,
BLR,Bengaluru International Airport,MAA,14:50,01h 05m,15:55,IndiGo,6945,,
BLR,Bengaluru International Airport,MAA,17:25,01h 05m,18:30,IndiGo,6945,,
BLR,Bengaluru International Airport,MAA,07:00,01h 05m,08:05,IndiGo,6945,,
BLR,Bengaluru International Airport,MAA,09:35,01h 15m,10:50,IndiGo,6945,,
BLR,Bengaluru International Airport,MAA,20:05,01h 00m,21:05,IndiGo,7066,,
BLR,Bengaluru International Airport,COK,23:55,01h 00m,00:55,Go First,5113,,
BLR,Bengaluru International Airport,COK,20:55,01h 00m,21:55,IndiGo,6945,,
BLR,Bengaluru International Airport,COK,09:55,01h 00m,10:55,IndiGo,6945,,
BLR,Bengaluru International Airport,COK,16:20,01h 00m,17:20,IndiGo,6945,,
BLR,Bengaluru International Airport,COK,20:15,01h 00m,21:15,AirAsia India,6945,,
BLR,Bengaluru International Airport,COK,19:40,01h 05m,20:45,IndiGo,6945,,
BLR,Bengaluru International Airport,COK,21:15,01h 05m,22:20,AirAsia India,6945,,
BLR,Bengaluru International Airport,COK,13:10,01h 05m,14:15,IndiGo,6945,,
BLR,Bengaluru International Airport,HYD,20:10,01h 00m,21:10,Vistara,6718,,
BLR,Bengaluru International Airport,HYD,07:45,01h 10m,08:55,Vistara,6718,,
BLR,Bengaluru International Airport,HYD,15:35,01h 10m,16:45,Go First,6994,,
BLR,Bengaluru International Airport,HYD,10:15,01h 10m,11:25,IndiGo,7287,,
BLR,Bengaluru International Airport,HYD,22:10,01h 10m,23:20,IndiGo,7287,,
BLR,Bengaluru International Airport,HYD,15:45,01h 10m,16:55,IndiGo,7287,,
BLR,Bengaluru International Airport,HYD,18:50,01h 15m,20:05,IndiGo,7287,,
BLR,Bengaluru International Airport,HYD,05:15,01h 15m,06:30,IndiGo,7287,,
BLR,Bengaluru International Airport,HYD,12:35,01h 20m,13:55,IndiGo,7287,,
BLR,Bengaluru International Airport,HYD,07:35,01h 10m,08:45,AirAsia India,7288,,
BLR,Bengaluru International Airport,HYD,14:25,01h 15m,15:40,AirAsia India,7288,,
BLR,Bengaluru International Airport,TRV,05:55,01h 15m,07:10,IndiGo,7287,,
BLR,Bengaluru International Airport,TRV,11:25,01h 20m,12:45,IndiGo,7287,,
BLR,Bengaluru International Airport,TRV,15:55,01h 20m,17:15,IndiGo,7287,,
BLR,Bengaluru International Airport,CCU,17:30,02h 30m,20:00,SpiceJet,8958,,
BLR,Bengaluru International Airport,CCU,06:30,02h 20m,08:50,AirAsia India,9360,,
BLR,Bengaluru International Airport,CCU,18:10,02h 25m,20:35,IndiGo,9360,,
BLR,Bengaluru International Airport,CCU,11:55,02h 25m,14:20,IndiGo,9360,,
BLR,Bengaluru International Airport,CCU,13:40,02h 25m,16:05,IndiGo,9360,,
BLR,Bengaluru International Airport,CCU,22:05,02h 30m,00:35,IndiGo,9360,,
BLR,Bengaluru International Airport,CCU,17:55,02h 30m,20:25,AirAsia India,9360,,
BLR,Bengaluru International Airport,CCU,09:15,02h 35m,11:50,IndiGo,9360,,
BLR,Bengaluru International Airport,CCU,19:55,02h 35m,22:30,IndiGo,9360,,
BLR,Bengaluru International Airport,CCU,06:30,02h 35m,09:05,IndiGo,9360,,
BLR,Bengaluru International Airport,CCU,15:25,02h 35m,18:00,IndiGo,9360,,
BLR,Bengaluru International Airport,AMD,17:40,02h 00m,19:40,IndiGo,10201,,
BLR,Bengaluru International Airport,AMD,05:55,02h 05m,08:00,Go First,10201,,
BLR,Bengaluru International Airport,AMD,20:20,02h 05m,22:25,IndiGo,10201,,
BLR,Bengaluru International Airport,AMD,05:05,02h 05m,07:10,IndiGo,10201,,
BLR,Bengaluru International Airport,AMD,12:20,02h 10m,14:30,IndiGo,10201,,
BLR,Bengaluru International Airport,AMD,01:40,02h 10m,03:50,IndiGo,10201,,
BLR,Bengaluru International Airport,AMD,18:45,02h 10m,20:55,Go First,10201,,
BLR,Bengaluru International Airport,GOI,20:05,01h 20m,21:25,SpiceJet,6662,,
BLR,Bengaluru International Airport,GOI,12:45,01h 20m,14:05,Vistara,6960,7922,24867
BLR,Bengaluru International Airport,GOI,15:45,01h 10m,16:55,Go First,7430,,
BLR,Bengaluru International Airport,GOI,21:40,01h 00m,22:40,IndiGo,7549,,
BLR,Bengaluru International Airport,GOI,13:00,01h 10m,14:10,IndiGo,7549,,
BLR,Bengaluru International Airport,GOI,13:40,01h 05m,14:45,AirAsia India,7550,,
BLR,Bengaluru International Airport,GOI,05:30,01h 10m,06:40,AirAsia India,7550,,
BLR,Bengaluru International Airport,TRZ,20:50,01h 15m,22:05,IndiGo,4651,,
BLR,Bengaluru International Airport,TRZ,07:35,01h 15m,08:50,IndiGo,6221,,
BLR,Bengaluru International Airport,GAU,09:25,03h 05m,12:30,Vistara,11714,,
BLR,Bengaluru International Airport,GAU,08:45,03h 00m,11:45,AirAsia India,12305,,
BLR,Bengaluru International Airport,GAU,08:20,03h 00m,11:20,IndiGo,12305,,
BLR,Bengaluru International Airport,VTZ,05:25,01h 35m,07:00,IndiGo,8723,,
BLR,Bengaluru International Airport,VTZ,12:30,01h 25m,13:55,IndiGo,8877,,
BLR,Bengaluru International Airport,VTZ,16:45,01h 30m,18:15,IndiGo,8877,,
BLR,Bengaluru International Airport,VTZ,09:05,01h 40m,10:45,AirAsia India,8877,,
BLR,Bengaluru International Airport,ATQ,09:15,03h 15m,12:30,IndiGo,15135,,
BLR,Bengaluru International Airport,NAG,06:20,01h 40m,08:00,IndiGo,6469,,
BLR,Bengaluru International Airport,NAG,14:10,01h 40m,15:50,IndiGo,6469,,
BLR,Bengaluru International Airport,NAG,17:55,01h 40m,19:35,IndiGo,6715,,
BLR,Bengaluru International Airport,IXE,20:00,01h 10m,21:10,SpiceJet,6543,,
BLR,Bengaluru International Airport,IXE,17:30,00h 50m,18:20,IndiGo,6945,,
BLR,Bengaluru International Airport,IXE,06:15,00h 55m,07:10,IndiGo,6945,,
BLR,Bengaluru International Airport,IXE,15:30,00h 55m,16:25,IndiGo,6945,,
BLR,Bengaluru International Airport,IXE,10:20,01h 00m,11:20,IndiGo,6945,,
BLR,Bengaluru International Airport,IDR,17:30,01h 25m,18:55,Vistara,9632,,
BLR,Bengaluru International Airport,IDR,13:05,01h 50m,14:55,IndiGo,10201,,
BLR,Bengaluru International Airport,IDR,20:45,01h 50m,22:35,IndiGo,10201,,
BLR,Bengaluru International Airport,IDR,18:25,01h 55m,20:20,IndiGo,10201,,
BLR,Bengaluru International Airport,IDR,07:30,02h 10m,09:40,IndiGo,10201,,
BLR,Bengaluru International Airport,PAT,13:30,02h 40m,16:10,SpiceJet,11132,,
BLR,Bengaluru International Airport,PAT,09:20,02h 30m,11:50,Go First,11413,,
BLR,Bengaluru International Airport,PAT,21:20,02h 10m,23:30,IndiGo,11533,,
BLR,Bengaluru International Airport,PAT,08:35,02h 25m,11:00,IndiGo,11533,,
BLR,Bengaluru International Airport,PAT,15:40,02h 25m,18:05,IndiGo,11533,,
MAA,Chennai International Airport,DEL,07:05,02h 40m,09:45,Vistara,10561,11985,30544
MAA,Chennai International Airport,DEL,10:35,02h 45m,13:20,Vistara,10561,13184,
MAA,Chennai International Airport,DEL,17:15,02h 45m,20:00,Vistara,10561,16480,
MAA,Chennai International Airport,DEL,21:05,02h 50m,23:55,Vistara,10561,11985,
MAA,Chennai International Airport,DEL,21:40,02h 45m,00:25,SpiceJet,10745,,
MAA,Chennai International Airport,DEL,20:15,02h 50m,23:05,Air India,10746,,
MAA,Chennai International Airport,DEL,06:00,02h 55m,08:55,Air India,10746,,
MAA,Chennai International Airport,DEL,16:55,02h 55m,19:50,Air India,10746,,
MAA,Chennai International Airport,BOM,22:00,01h 55m,23:55,SpiceJet,9244,,
MAA,Chennai International Airport,BOM,09:45,01h 55m,11:40,Vistara,9782,,
MAA,Chennai International Airport,BOM,07:00,01h 55m,08:55,SpiceJet,9969,,
MAA,Chennai International Airport,BOM,15:25,01h 45m,17:10,Air India,9970,,26042
MAA,Chennai International Airport,BOM,16:10,01h 50m,18:00,Air India,9970,,
MAA,Chennai International Airport,BOM,06:10,01h 55m,08:05,Air India,9970,,26042
MAA,Chennai International Airport,BLR,19:10,00h 45m,19:55,IndiGo,6748,,
MAA,Chennai International Airport,BLR,11:20,00h 50m,12:10,IndiGo,6748,,
MAA,Chennai International Airport,BLR,16:20,00h 55m,17:15,IndiGo,6748,,
MAA,Chennai International Airport,BLR,09:00,00h 55m,09:55,IndiGo,6748,,
MAA,Chennai International Airport,BLR,13:00,01h 00m,14:00,IndiGo,6748,,
MAA,Chennai International Airport,BLR,21:35,01h 00m,22:35,IndiGo,6748,,
MAA,Chennai International Airport,BLR,07:45,00h 55m,08:40,IndiGo,6991,,
MAA,Chennai International Airport,COK,06:35,01h 10m,07:45,IndiGo,6164,,
MAA,Chennai International Airport,COK,21:10,01h 15m,22:25,IndiGo,6164,,
MAA,Chennai International Airport,COK,10:50,01h 05m,11:55,IndiGo,6750,,
MAA,Chennai International Airport,COK,17:25,01h 10m,18:35,IndiGo,7231,,
MAA,Chennai International Airport,HYD,16:20,01h 00m,17:20,IndiGo,7225,,
MAA,Chennai International Airport,HYD,12:00,01h 05m,13:05,IndiGo,7225,,
MAA,Chennai International Airport,HYD,17:00,01h 05m,18:05,IndiGo,7225,,
MAA,Chennai International Airport,HYD,21:20,01h 05m,22:25,IndiGo,7225,,
MAA,Chennai International Airport,HYD,04:50,01h 10m,06:00,IndiGo,7225,,
MAA,Chennai International Airport,HYD,06:35,01h 10m,07:45,IndiGo,7225,,
MAA,Chennai International Airport,HYD,19:25,01h 10m,20:35,IndiGo,7225,,
MAA,Chennai International Airport,HYD,09:25,01h 20m,10:45,IndiGo,7225,,
MAA,Chennai International Airport,TRV,05:25,01h 30m,06:55,IndiGo,5420,,
MAA,Chennai International Airport,TRV,17:10,01h 20m,18:30,IndiGo,6145,,
MAA,Chennai International Airport,TRV,11:40,01h 25m,13:05,IndiGo,6145,,
MAA,Chennai International Airport,CCU,06:40,02h 35m,09:15,SpiceJet,8609,,
MAA,Chennai International Airport,CCU,08:10,02h 30m,10:40,Air India,8610,,22978
MAA,Chennai International Airport,CCU,21:00,02h 15m,23:15,IndiGo,9005,,
MAA,Chennai International Airport,CCU,17:30,02h 15m,19:45,IndiGo,9005,,
MAA,Chennai International Airport,CCU,16:05,02h 15m,18:20,IndiGo,9005,,
MAA,Chennai International Airport,AMD,04:00,02h 20m,06:20,IndiGo,10943,,
MAA,Chennai International Airport,AMD,18:50,02h 15m,21:05,IndiGo,11140,,
MAA,Chennai International Airport,AMD,12:10,02h 15m,14:25,IndiGo,11140,,
MAA,Chennai International Airport,AMD,12:10,02h 25m,14:35,IndiGo,11140,,
MAA,Chennai International Airport,GOI,17:50,01h 30m,19:20,IndiGo,8379,,
MAA,Chennai International Airport,TRZ,07:25,00h 55m,08:20,IndiGo,5208,,
MAA,Chennai International Airport,TRZ,19:50,00h 55m,20:45,IndiGo,5563,,
MAA,Chennai International Airport,TRZ,09:55,01h 00m,10:55,IndiGo,5563,,
MAA,Chennai International Airport,TRZ,15:45,01h 05m,16:50,IndiGo,5563,,
MAA,Chennai International Airport,TRZ,14:10,00h 55m,15:05,IndiGo,5920,,
MAA,Chennai International Airport,GAU,05:20,02h 45m,08:05,IndiGo,11687,,
MAA,Chennai International Airport,GAU,07:20,03h 00m,10:20,SpiceJet,11705,,
MAA,Chennai International Airport,GAU,16:00,02h 40m,18:40,IndiGo,12108,,
MAA,Chennai International Airport,VTZ,20:30,01h 15m,21:45,IndiGo,5232,,
MAA,Chennai International Airport,VTZ,10:35,01h 15m,11:50,IndiGo,5232,,
MAA,Chennai International Airport,VTZ,15:40,01h 20m,17:00,IndiGo,5232,,
MAA,Chennai International Airport,VTZ,06:55,01h 20m,08:15,IndiGo,5232,,
MAA,Chennai International Airport,NAG,20:05,01h 45m,21:50,IndiGo,12424,,
MAA,Chennai International Airport,IXE,18:55,01h 40m,20:35,IndiGo,6158,,
MAA,Chennai International Airport,PAT,12:40,02h 35m,15:15,IndiGo,11941,,
COK,Cochin International Airport,DEL,19:45,03h 10m,22:55,Vistara,12016,14351,37344
COK,Cochin International Airport,DEL,09:15,03h 15m,12:30,Vistara,12016,16628,37344
COK,Cochin International Airport,DEL,21:00,03h 05m,00:05,Air India,12018,,33349
COK,Cochin International Airport,DEL,20:30,03h 15m,23:45,Air India,12018,,33201
COK,Cochin International Airport,DEL,20:05,03h 15m,23:20,IndiGo,12412,,
COK,Cochin International Airport,DEL,18:45,03h 00m,21:45,AirAsia India,12413,,
COK,Cochin International Airport,BOM,08:05,02h 05m,10:10,Air India,9763,,22346
COK,Cochin International Airport,BOM,20:10,02h 10m,22:20,Air India,9763,,22346
COK,Cochin International Airport,BOM,20:05,02h 10m,22:15,Go First,9858,,
COK,Cochin International Airport,BOM,07:45,02h 05m,09:50,Go First,10038,,
COK,Cochin International Airport,BOM,13:25,01h 55m,15:20,IndiGo,10157,,
COK,Cochin International Airport,BOM,09:35,02h 05m,11:40,IndiGo,10157,,
COK,Cochin International Airport,BLR,08:30,01h 05m,09:35,Go First,6299,,
COK,Cochin International Airport,BLR,21:15,01h 00m,22:15,IndiGo,6429,,
COK,Cochin International Airport,BLR,11:30,01h 00m,12:30,IndiGo,6597,,
COK,Cochin International Airport,BLR,21:50,01h 05m,22:55,AirAsia India,6597,,
COK,Cochin International Airport,BLR,09:40,01h 05m,10:45,IndiGo,6597,,
COK,Cochin International Airport,BLR,22:25,01h 05m,23:30,IndiGo,6597,,
COK,Cochin International Airport,BLR,07:05,01h 05m,08:10,AirAsia India,6597,,
COK,Cochin International Airport,BLR,12:45,01h 05m,13:50,AirAsia India,6597,,
COK,Cochin International Airport,MAA,12:25,01h 25m,13:50,IndiGo,6352,,
COK,Cochin International Airport,MAA,09:45,01h 20m,11:05,IndiGo,6537,,
COK,Cochin International Airport,MAA,15:00,01h 20m,16:20,IndiGo,6738,,
COK,Cochin International Airport,MAA,19:05,01h 05m,20:10,IndiGo,7733,,
COK,Cochin International Airport,MAA,13:55,01h 20m,15:15,IndiGo,7733,,
COK,Cochin International Airport,HYD,06:15,01h 35m,07:50,Go First,8526,,
COK,Cochin International Airport,HYD,12:30,01h 35m,14:05,IndiGo,8646,,
COK,Cochin International Airport,HYD,17:35,01h 35m,19:10,IndiGo,8646,,
COK,Cochin International Airport,HYD,07:55,01h 40m,09:35,IndiGo,8646,,
COK,Cochin International Airport,TRV,10:05,00h 55m,11:00,IndiGo,5110,,
COK,Cochin International Airport,CCU,20:20,03h 00m,23:20,IndiGo,11958,,
COK,Cochin International Airport,AMD,13:40,02h 30m,16:10,IndiGo,10676,,
HYD,"Rajiv Gandhi International Airport, Hyderabad",DEL,06:10,02h 30m,08:40,SpiceJet,6891,,
HYD,"Rajiv Gandhi International Airport, Hyderabad",DEL,21:40,02h 10m,23:50,Go First,7261,,
HYD,"Rajiv Gandhi International Airport, Hyderabad",DEL,08:35,02h 15m,10:50,Go First,8033,,
HYD,"Rajiv Gandhi International Airport, Hyderabad",DEL,06:40,02h 15m,08:55,Air India,9498,,26869
HYD,"Rajiv Gandhi International Airport, Hyderabad",DEL,07:00,02h 00m,09:00,Vistara,10155,,
HYD,"Rajiv Gandhi International Airport, Hyderabad",DEL,13:25,02h 10m,15:35,Vistara,10155,11375,26817
HYD,"Rajiv Gandhi International Airport, Hyderabad",DEL,10:05,02h 15m,12:20,Air India,10344,,26869
HYD,"Rajiv Gandhi International Airport, Hyderabad",BOM,07:00,01h 35m,08:35,Go First,5525,,
HYD,"Rajiv Gandhi International Airport, Hyderabad",BOM,08:30,01h 30m,10:00,Vistara,7013,,
HYD,"Rajiv Gandhi International Airport, Hyderabad",BOM,07:10,01h 30m,08:40,Vistara,7013,8619,24240
HYD,"Rajiv Gandhi International Airport, Hyderabad",BOM,12:55,01h 35m,14:30,Vistara,7013,,19926
HYD,"Rajiv Gandhi International Airport, Hyderabad",BOM,21:35,01h 25m,23:00,Vistara,7195,8619,
HYD,"Rajiv Gandhi International Airport, Hyderabad",BOM,22:25,01h 25m,23:50,Air India,7197,,20038
HYD,"Rajiv Gandhi International Airport, Hyderabad",BLR,07:30,01h 15m,08:45,Vistara,7137,,
HYD,"Rajiv Gandhi International Airport, Hyderabad",BLR,18:25,01h 05m,19:30,Vistara,7323,,
HYD,"Rajiv Gandhi International Airport, Hyderabad",BLR,08:25,01h 15m,09:40,Go First,7603,,
HYD,"Rajiv Gandhi International Airport, Hyderabad",BLR,20:30,01h 05m,21:35,IndiGo,7725,,
HYD,"Rajiv Gandhi International Airport, Hyderabad",BLR,12:00,01h 10m,13:10,IndiGo,7725,,
HYD,"Rajiv Gandhi International Airport, Hyderabad",BLR,00:05,01h 10m,01:15,IndiGo,7725,,
HYD,"Rajiv Gandhi International Airport, Hyderabad",BLR,22:30,01h 10m,23:40,IndiGo,7725,,
HYD,"Rajiv Gandhi International Airport, Hyderabad",BLR,08:15,01h 15m,09:30,IndiGo,7725,,
HYD,"Rajiv Gandhi International Airport, Hyderabad",BLR,07:00,01h 15m,08:15,IndiGo,7725,,
HYD,"Rajiv Gandhi International Airport, Hyderabad",BLR,20:20,01h 20m,21:40,AirAsia India,7727,,
HYD,"Rajiv Gandhi International Airport, Hyderabad",MAA,21:05,01h 00m,22:05,IndiGo,7590,,
HYD,"Rajiv Gandhi International Airport, Hyderabad",MAA,06:55,01h 05m,08:00,IndiGo,7590,,
HYD,"Rajiv Gandhi International Airport, Hyderabad",MAA,23:15,01h 10m,00:25,IndiGo,7590,,
HYD,"Rajiv Gandhi International Airport, Hyderabad",MAA,05:45,01h 15m,07:00,IndiGo,7590,,
HYD,"Rajiv Gandhi International Airport, Hyderabad",MAA,19:00,01h 15m,20:15,IndiGo,7590,,
HYD,"Rajiv Gandhi International Airport, Hyderabad",MAA,13:50,01h 20m,15:10,IndiGo,7590,,
HYD,"Rajiv Gandhi International Airport, Hyderabad",MAA,17:55,01h 20m,19:15,IndiGo,7590,,
HYD,"Rajiv Gandhi International Airport, Hyderabad",MAA,10:05,01h 20m,11:25,IndiGo,7590,,
HYD,"Rajiv Gandhi International Airport, Hyderabad",MAA,08:00,01h 20m,09:20,AirAsia India,7592,,
HYD,"Rajiv Gandhi International Airport, Hyderabad",COK,17:20,01h 40m,19:00,Go First,7603,,
HYD,"Rajiv Gandhi International Airport, Hyderabad",COK,19:55,01h 30m,21:25,IndiGo,7725,,
HYD,"Rajiv Gandhi International Airport, Hyderabad",COK,14:45,01h 35m,16:20,IndiGo,7725,,
HYD,"Rajiv Gandhi International Airport, Hyderabad",COK,05:45,01h 35m,07:20,IndiGo,7725,,
HYD,"Rajiv Gandhi International Airport, Hyderabad",TRV,19:25,01h 45m,21:10,IndiGo,7454,,
HYD,"Rajiv Gandhi International Airport, Hyderabad",CCU,05:55,02h 20m,08:15,Air India,9136,,22511
HYD,"Rajiv Gandhi International Airport, Hyderabad",CCU,05:55,02h 00m,07:55,IndiGo,9536,,
HYD,"Rajiv Gandhi International Airport, Hyderabad",CCU,20:25,02h 05m,22:30,IndiGo,9536,,
HYD,"Rajiv Gandhi International Airport, Hyderabad",CCU,12:10,02h 05m,14:15,AirAsia India,9536,,
HYD,"Rajiv Gandhi International Airport, Hyderabad",CCU,11:10,02h 10m,13:20,IndiGo,9536,,
HYD,"Rajiv Gandhi International Airport, Hyderabad",CCU,17:05,02h 10m,19:15,IndiGo,9536,,
HYD,"Rajiv Gandhi International Airport, Hyderabad",AMD,06:25,01h 50m,08:15,IndiGo,8739,,
HYD,"Rajiv Gandhi International Airport, Hyderabad",AMD,13:35,01h 45m,15:20,IndiGo,9205,,
HYD,"Rajiv Gandhi International Airport, Hyderabad",AMD,20:40,01h 35m,22:15,IndiGo,10603,,
HYD,"Rajiv Gandhi International Airport, Hyderabad",GOI,19:10,01h 25m,20:35,SpiceJet,6719,,
HYD,"Rajiv Gandhi International Airport, Hyderabad",GOI,06:20,01h 25m,07:45,SpiceJet,6719,,
HYD,"Rajiv Gandhi International Airport, Hyderabad",GOI,20:15,01h 15m,21:30,IndiGo,7590,,
HYD,"Rajiv Gandhi International Airport, Hyderabad",GOI,16:20,01h 15m,17:35,IndiGo,7590,,
HYD,"Rajiv Gandhi International Airport, Hyderabad",GOI,05:35,01h 15m,06:50,IndiGo,7590,,
HYD,"Rajiv Gandhi International Airport, Hyderabad",GOI,12:40,01h 20m,14:00,IndiGo,7590,,
HYD,"Rajiv Gandhi International Airport, Hyderabad",GOI,23:55,01h 25m,01:20,IndiGo,7590,,
HYD,"Rajiv Gandhi International Airport, Hyderabad",GOI,16:35,01h 25m,18:00,AirAsia India,7592,,
HYD,"Rajiv Gandhi International Airport, Hyderabad",TRZ,15:40,01h 30m,17:10,IndiGo,5825,,
HYD,"Rajiv Gandhi International Airport, Hyderabad",GAU,09:50,02h 35m,12:25,IndiGo,10825,,
HYD,"Rajiv Gandhi International Airport, Hyderabad",VTZ,19:30,01h 25m,20:55,SpiceJet,5277,,
HYD,"Rajiv Gandhi International Airport, Hyderabad",VTZ,22:20,01h 00m,23:20,IndiGo,7590,,
HYD,"Rajiv Gandhi International Airport, Hyderabad",VTZ,16:50,01h 05m,17:55,IndiGo,7590,,
HYD,"Rajiv Gandhi International Airport, Hyderabad",VTZ,14:40,01h 10m,15:50,IndiGo,7590,,
HYD,"Rajiv Gandhi International Airport, Hyderabad",VTZ,13:00,01h 15m,14:15,IndiGo,7590,,
HYD,"Rajiv Gandhi International Airport, Hyderabad",VTZ,11:30,01h 20m,12:50,IndiGo,7590,,
HYD,"Rajiv Gandhi International Airport, Hyderabad",VTZ,06:30,01h 20m,07:50,IndiGo,7590,,
HYD,"Rajiv Gandhi International Airport, Hyderabad",VTZ,04:25,01h 40m,06:05,IndiGo,7590,,
HYD,"Rajiv Gandhi International Airport, Hyderabad",NAG,10:55,01h 40m,12:35,IndiGo,5793,,
HYD,"Rajiv Gandhi International Airport, Hyderabad",NAG,09:55,01h 35m,11:30,IndiGo,6155,,
HYD,"Rajiv Gandhi International Airport, Hyderabad",SXR,13:45,02h 55m,16:40,IndiGo,11478,,
HYD,"Rajiv Gandhi International Airport, Hyderabad",IXE,18:35,01h 45m,20:20,IndiGo,7725,,
HYD,"Rajiv Gandhi International Airport, Hyderabad",IXE,09:45,01h 45m,11:30,IndiGo,7725,,
HYD,"Rajiv Gandhi International Airport, Hyderabad",IDR,18:55,01h 30m,20:25,IndiGo,5793,,
HYD,"Rajiv Gandhi International Airport, Hyderabad",IDR,14:10,01h 30m,15:40,IndiGo,6035,,
HYD,"Rajiv Gandhi International Airport, Hyderabad",IDR,05:25,02h 10m,07:35,IndiGo,6155,,
HYD,"Rajiv Gandhi International Airport, Hyderabad",PAT,20:50,01h 50m,22:40,IndiGo,10370,,
HYD,"Rajiv Gandhi International Airport, Hyderabad",PAT,14:05,01h 55m,16:00,IndiGo,10370,,
HYD,"Rajiv Gandhi International Airport, Hyderabad",PAT,08:30,02h 00m,10:30,IndiGo,10370,,
HYD,"Rajiv Gandhi International Airport, Hyderabad",PAT,14:25,02h 05m,16:30,IndiGo,10370,,
TRV,"Trivandrum International Airport, Thiruvananthapuram",DEL,12:00,03h 15m,15:15,Vistara,14049,16476,37756
TRV,"Trivandrum International Airport, Thiruvananthapuram",DEL,18:55,03h 15m,22:10,Air India,14233,,33613
TRV,"Trivandrum International Airport, Thiruvananthapuram",DEL,06:40,03h 10m,09:50,IndiGo,14626,,
TRV,"Trivandrum International Airport, Thiruvananthapuram",BOM,20:35,02h 05m,22:40,Air India,10198,,
TRV,"Trivandrum International Airport, Thiruvananthapuram",BOM,05:00,02h 10m,07:10,IndiGo,10592,,
TRV,"Trivandrum International Airport, Thiruvananthapuram",BOM,12:40,02h 10m,14:50,IndiGo,10592,,
TRV,"Trivandrum International Airport, Thiruvananthapuram",BLR,07:40,01h 05m,08:45,IndiGo,7491,,
TRV,"Trivandrum International Airport, Thiruvananthapuram",BLR,13:20,01h 15m,14:35,IndiGo,7491,,
TRV,"Trivandrum International Airport, Thiruvananthapuram",BLR,18:00,01h 20m,19:20,IndiGo,7491,,
TRV,"Trivandrum International Airport, Thiruvananthapuram",MAA,07:25,01h 20m,08:45,IndiGo,5846,,
TRV,"Trivandrum International Airport, Thiruvananthapuram",MAA,19:00,01h 20m,20:20,IndiGo,6262,,
TRV,"Trivandrum International Airport, Thiruvananthapuram",MAA,13:40,01h 20m,15:00,IndiGo,6262,,
TRV,"Trivandrum International Airport, Thiruvananthapuram",MAA,13:50,01h 10m,15:00,IndiGo,6914,,
TRV,"Trivandrum International Airport, Thiruvananthapuram",COK,17:30,00h 50m,18:20,IndiGo,5225,,
TRV,"Trivandrum International Airport, Thiruvananthapuram",HYD,21:40,01h 25m,23:05,IndiGo,7948,,
CCU,"Netaji Subhash Chandra Bose International Airport, Kolkata",DEL,14:20,02h 30m,16:50,Go First,6108,,
CCU,"Netaji Subhash Chandra Bose International Airport, Kolkata",DEL,21:45,02h 10m,23:55,SpiceJet,7018,,
CCU,"Netaji Subhash Chandra Bose International Airport, Kolkata",DEL,15:30,02h 25m,17:55,SpiceJet,7018,,
CCU,"Netaji Subhash Chandra Bose International Airport, Kolkata",DEL,15:20,02h 25m,17:45,Vistara,10136,11641,31160
CCU,"Netaji Subhash Chandra Bose International Airport, Kolkata",DEL,10:15,02h 25m,12:40,Vistara,10136,11522,
CCU,"Netaji Subhash Chandra Bose International Airport, Kolkata",DEL,07:10,02h 25m,09:35,Vistara,10136,11402,31160
CCU,"Netaji Subhash Chandra Bose International Airport, Kolkata",DEL,18:45,02h 25m,21:10,Vistara,10136,11641,31160
CCU,"Netaji Subhash Chandra Bose International Airport, Kolkata",DEL,20:20,02h 25m,22:45,Vistara,10136,11522,
CCU,"Netaji Subhash Chandra Bose International Airport, Kolkata",BOM,22:30,02h 50m,01:20,SpiceJet,10437,,
CCU,"Netaji Subhash Chandra Bose International Airport, Kolkata",BOM,10:25,02h 35m,13:00,Vistara,11086,,39189
CCU,"Netaji Subhash Chandra Bose International Airport, Kolkata",BOM,17:35,02h 45m,20:20,Vistara,11086,,48536
CCU,"Netaji Subhash Chandra Bose International Airport, Kolkata",BOM,20:35,02h 55m,23:30,Vistara,11086,,39189
CCU,"Netaji Subhash Chandra Bose International Airport, Kolkata",BOM,09:35,02h 45m,12:20,SpiceJet,11269,,
CCU,"Netaji Subhash Chandra Bose International Airport, Kolkata",BOM,09:25,02h 55m,12:20,Air India,11270,,
CCU,"Netaji Subhash Chandra Bose International Airport, Kolkata",BLR,06:00,02h 25m,08:25,SpiceJet,10137,,
CCU,"Netaji Subhash Chandra Bose International Airport, Kolkata",BLR,18:45,02h 20m,21:05,IndiGo,10526,,
CCU,"Netaji Subhash Chandra Bose International Airport, Kolkata",BLR,05:40,02h 25m,08:05,IndiGo,10526,,
CCU,"Netaji Subhash Chandra Bose International Airport, Kolkata",BLR,04:30,02h 25m,06:55,IndiGo,10526,,
CCU,"Netaji Subhash Chandra Bose International Airport, Kolkata",BLR,21:20,02h 30m,23:50,IndiGo,10526,,
CCU,"Netaji Subhash Chandra Bose International Airport, Kolkata",BLR,06:45,02h 30m,09:15,IndiGo,10526,,
CCU,"Netaji Subhash Chandra Bose International Airport, Kolkata",BLR,19:55,02h 30m,22:25,IndiGo,10526,,
CCU,"Netaji Subhash Chandra Bose International Airport, Kolkata",BLR,08:40,02h 30m,11:10,IndiGo,10526,,
CCU,"Netaji Subhash Chandra Bose International Airport, Kolkata",BLR,14:45,02h 35m,17:20,AirAsia India,10526,,
CCU,"Netaji Subhash Chandra Bose International Airport, Kolkata",BLR,09:30,02h 40m,12:10,AirAsia India,10526,,
CCU,"Netaji Subhash Chandra Bose International Airport, Kolkata",MAA,15:35,02h 45m,18:20,SpiceJet,10137,,
CCU,"Netaji Subhash Chandra Bose International Airport, Kolkata",MAA,17:00,02h 15m,19:15,Air India,10138,,23474
CCU,"Netaji Subhash Chandra Bose International Airport, Kolkata",MAA,23:55,02h 15m,02:10,IndiGo,10526,,
CCU,"Netaji Subhash Chandra Bose International Airport, Kolkata",MAA,22:25,02h 15m,00:40,IndiGo,10526,,
CCU,"Netaji Subhash Chandra Bose International Airport, Kolkata",MAA,04:40,02h 35m,07:15,IndiGo,10526,,
CCU,"Netaji Subhash Chandra Bose International Airport, Kolkata",MAA,08:15,02h 45m,11:00,IndiGo,10526,,
CCU,"Netaji Subhash Chandra Bose International Airport, Kolkata",COK,16:50,02h 55m,19:45,IndiGo,14955,,
CCU,"Netaji Subhash Chandra Bose International Airport, Kolkata",HYD,19:00,02h 15m,21:15,Air India,10138,,22608
CCU,"Netaji Subhash Chandra Bose International Airport, Kolkata",HYD,18:00,02h 00m,20:00,IndiGo,10526,,
CCU,"Netaji Subhash Chandra Bose International Airport, Kolkata",HYD,14:00,02h 05m,16:05,IndiGo,10526,,
CCU,"Netaji Subhash Chandra Bose International Airport, Kolkata",HYD,23:10,02h 05m,01:15,IndiGo,10526,,
CCU,"Netaji Subhash Chandra Bose International Airport, Kolkata",HYD,19:55,02h 15m,22:10,IndiGo,10526,,
CCU,"Netaji Subhash Chandra Bose International Airport, Kolkata",HYD,04:50,02h 20m,07:10,AirAsia India,10526,,
CCU,"Netaji Subhash Chandra Bose International Airport, Kolkata",HYD,08:35,02h 30m,11:05,IndiGo,10526,,
CCU,"Netaji Subhash Chandra Bose International Airport, Kolkata",AMD,16:40,02h 45m,19:25,Go First,11340,,
CCU,"Netaji Subhash Chandra Bose International Airport, Kolkata",AMD,05:40,02h 40m,08:20,IndiGo,11458,,
CCU,"Netaji Subhash Chandra Bose International Airport, Kolkata",AMD,15:55,02h 40m,18:35,IndiGo,11458,,
CCU,"Netaji Subhash Chandra Bose International Airport, Kolkata",AMD,21:25,02h 40m,00:05,IndiGo,11458,,
CCU,"Netaji Subhash Chandra Bose International Airport, Kolkata",GOI,11:50,02h 40m,14:30,IndiGo,20927,,
CCU,"Netaji Subhash Chandra Bose International Airport, Kolkata",GAU,09:50,01h 20m,11:10,Air India,6374,,
CCU,"Netaji Subhash Chandra Bose International Airport, Kolkata",GAU,12:00,01h 20m,13:20,Air India,6929,,13864
CCU,"Netaji Subhash Chandra Bose International Airport, Kolkata",GAU,20:30,01h 20m,21:50,SpiceJet,6929,,
CCU,"Netaji Subhash Chandra Bose International Airport, Kolkata",GAU,09:20,01h 15m,10:35,Go First,7207,,
CCU,"Netaji Subhash Chandra Bose International Airport, Kolkata",GAU,19:20,01h 00m,20:20,IndiGo,7317,,
CCU,"Netaji Subhash Chandra Bose International Airport, Kolkata",GAU,11:00,01h 10m,12:10,IndiGo,7317,,
CCU,"Netaji Subhash Chandra Bose International Airport, Kolkata",GAU,21:10,01h 10m,22:20,IndiGo,7317,,
CCU,"Netaji Subhash Chandra Bose International Airport, Kolkata",GAU,04:55,01h 10m,06:05,IndiGo,7317,,
CCU,"Netaji Subhash Chandra Bose International Airport, Kolkata",VTZ,17:25,01h 55m,19:20,SpiceJet,5948,,
CCU,"Netaji Subhash Chandra Bose International Airport, Kolkata",VTZ,20:20,02h 00m,22:20,SpiceJet,7806,,
CCU,"Netaji Subhash Chandra Bose International Airport, Kolkata",VTZ,13:20,01h 25m,14:45,IndiGo,8894,,
CCU,"Netaji Subhash Chandra Bose International Airport, Kolkata",ATQ,18:20,02h 55m,21:15,IndiGo,6018,,
CCU,"Netaji Subhash Chandra Bose International Airport, Kolkata",NAG,20:55,01h 50m,22:45,IndiGo,6920,,
CCU,"Netaji Subhash Chandra Bose International Airport, Kolkata",IDR,09:15,02h 10m,11:25,IndiGo,8127,,
CCU,"Netaji Subhash Chandra Bose International Airport, Kolkata",PAT,14:40,01h 10m,15:50,IndiGo,5850,,
CCU,"Netaji Subhash Chandra Bose International Airport, Kolkata",PAT,18:00,01h 15m,19:15,IndiGo,5850,,
CCU,"Netaji Subhash Chandra Bose International Airport, Kolkata",PAT,07:05,01h 25m,08:30,IndiGo,5850,,
AMD,"Sardar Vallabhbhai Patel International Airport, Ahmedabad",DEL,21:10,01h 40m,22:50,SpiceJet,7391,,
AMD,"Sardar Vallabhbhai Patel International Airport, Ahmedabad",DEL,06:45,01h 35m,08:20,Vistara,7929,8845,24640
AMD,"Sardar Vallabhbhai Patel International Airport, Ahmedabad",DEL,20:30,01h 40m,22:10,Vistara,7929,11175,23742
AMD,"Sardar Vallabhbhai Patel International Airport, Ahmedabad",DEL,08:30,01h 55m,10:25,Vistara,7929,9805,21879
AMD,"Sardar Vallabhbhai Patel International Airport, Ahmedabad",DEL,07:00,01h 35m,08:35,SpiceJet,8114,,
AMD,"Sardar Vallabhbhai Patel International Airport, Ahmedabad",DEL,06:05,01h 40m,07:45,SpiceJet,8114,,
AMD,"Sardar Vallabhbhai Patel International Airport, Ahmedabad",DEL,21:30,01h 50m,23:20,Air India,8117,,21937
AMD,"Sardar Vallabhbhai Patel International Airport, Ahmedabad",BOM,22:10,01h 05m,23:15,Vistara,6486,7760,31711
AMD,"Sardar Vallabhbhai Patel International Airport, Ahmedabad",BOM,05:05,01h 10m,06:15,Vistara,6486,7588,17864
AMD,"Sardar Vallabhbhai Patel International Airport, Ahmedabad",BOM,08:25,01h 15m,09:40,Vistara,6486,11056,31441
AMD,"Sardar Vallabhbhai Patel International Airport, Ahmedabad",BOM,20:45,01h 20m,22:05,Air India,6671,,13648
AMD,"Sardar Vallabhbhai Patel International Airport, Ahmedabad",BLR,08:35,02h 10m,10:45,Go First,9735,,
AMD,"Sardar Vallabhbhai Patel International Airport, Ahmedabad",BLR,21:55,02h 20m,00:15,Go First,9735,,
AMD,"Sardar Vallabhbhai Patel International Airport, Ahmedabad",BLR,23:05,01h 55m,01:00,IndiGo,9853,,
AMD,"Sardar Vallabhbhai Patel International Airport, Ahmedabad",BLR,15:00,02h 15m,17:15,IndiGo,9853,,
AMD,"Sardar Vallabhbhai Patel International Airport, Ahmedabad",BLR,04:30,02h 20m,06:50,IndiGo,9853,,
AMD,"Sardar Vallabhbhai Patel International Airport, Ahmedabad",BLR,07:40,02h 20m,10:00,IndiGo,9853,,
AMD,"Sardar Vallabhbhai Patel International Airport, Ahmedabad",MAA,06:55,02h 15m,09:10,IndiGo,11174,,
AMD,"Sardar Vallabhbhai Patel International Airport, Ahmedabad",MAA,21:50,02h 20m,00:10,IndiGo,11174,,
AMD,"Sardar Vallabhbhai Patel International Airport, Ahmedabad",MAA,15:05,02h 25m,17:30,IndiGo,11174,,
AMD,"Sardar Vallabhbhai Patel International Airport, Ahmedabad",MAA,15:00,02h 30m,17:30,IndiGo,11174,,
AMD,"Sardar Vallabhbhai Patel International Airport, Ahmedabad",COK,10:45,02h 30m,13:15,IndiGo,8488,,
AMD,"Sardar Vallabhbhai Patel International Airport, Ahmedabad",COK,10:40,02h 30m,13:10,IndiGo,9318,,
AMD,"Sardar Vallabhbhai Patel International Airport, Ahmedabad",HYD,22:45,01h 45m,00:30,IndiGo,8221,,
AMD,"Sardar Vallabhbhai Patel International Airport, Ahmedabad",HYD,09:00,01h 35m,10:35,IndiGo,8688,,
AMD,"Sardar Vallabhbhai Patel International Airport, Ahmedabad",HYD,15:50,01h 45m,17:35,IndiGo,8921,,
AMD,"Sardar Vallabhbhai Patel International Airport, Ahmedabad",CCU,05:55,02h 40m,08:35,Go First,10086,,
AMD,"Sardar Vallabhbhai Patel International Airport, Ahmedabad",CCU,09:00,02h 25m,11:25,IndiGo,10208,,
AMD,"Sardar Vallabhbhai Patel International Airport, Ahmedabad",CCU,19:35,02h 40m,22:15,IndiGo,10208,,
AMD,"Sardar Vallabhbhai Patel International Airport, Ahmedabad",CCU,06:10,02h 50m,09:00,IndiGo,10208,,
AMD,"Sardar Vallabhbhai Patel International Airport, Ahmedabad",GOI,05:40,01h 40m,07:20,SpiceJet,7262,,
AMD,"Sardar Vallabhbhai Patel International Airport, Ahmedabad",GOI,18:35,01h 45m,20:20,Go First,8250,,
AMD,"Sardar Vallabhbhai Patel International Airport, Ahmedabad",GOI,22:55,01h 30m,00:25,IndiGo,8369,,
AMD,"Sardar Vallabhbhai Patel International Airport, Ahmedabad",GOI,13:05,01h 40m,14:45,IndiGo,8369,,
AMD,"Sardar Vallabhbhai Patel International Airport, Ahmedabad",GOI,20:55,01h 40m,22:35,IndiGo,8369,,
AMD,"Sardar Vallabhbhai Patel International Airport, Ahmedabad",GOI,05:00,02h 05m,07:05,Go First,8369,,
AMD,"Sardar Vallabhbhai Patel International Airport, Ahmedabad",ATQ,19:10,02h 25m,21:35,SpiceJet,7046,,
AMD,"Sardar Vallabhbhai Patel International Airport, Ahmedabad",NAG,05:10,02h 05m,07:15,IndiGo,6592,,
AMD,"Sardar Vallabhbhai Patel International Airport, Ahmedabad",NAG,15:15,01h 50m,17:05,IndiGo,7161,,
AMD,"Sardar Vallabhbhai Patel International Airport, Ahmedabad",NAG,15:05,02h 00m,17:05,IndiGo,8597,,
AMD,"Sardar Vallabhbhai Patel International Airport, Ahmedabad",IDR,05:45,01h 25m,07:10,IndiGo,4573,,
AMD,"Sardar Vallabhbhai Patel International Airport, Ahmedabad",PAT,07:55,02h 15m,10:10,SpiceJet,6787,,
AMD,"Sardar Vallabhbhai Patel International Airport, Ahmedabad",PAT,10:55,02h 15m,13:10,IndiGo,8132,,
GOI,Goa Dabolim International Airport,DEL,08:20,02h 35m,10:55,AirAsia India,7784,,
GOI,Goa Dabolim International Airport,DEL,16:35,02h 45m,19:20,AirAsia India,7784,,
GOI,Goa Dabolim International Airport,DEL,14:15,02h 30m,16:45,Air India,9497,,
GOI,Goa Dabolim International Airport,DEL,18:10,02h 50m,21:00,SpiceJet,9762,,
GOI,Goa Dabolim International Airport,DEL,12:05,02h 35m,14:40,SpiceJet,9961,,
GOI,Goa Dabolim International Airport,DEL,14:25,02h 40m,17:05,Vistara,10597,12980,45379
GOI,Goa Dabolim International Airport,DEL,21:55,02h 45m,00:40,Vistara,10597,12320,37649
GOI,Goa Dabolim International Airport,DEL,01:15,02h 40m,03:55,Air India,10685,,33508
GOI,Goa Dabolim International Airport,DEL,15:05,02h 40m,17:45,SpiceJet,10778,,
GOI,Goa Dabolim International Airport,BOM,13:15,01h 25m,14:40,Go First,4003,,
GOI,Goa Dabolim International Airport,BOM,18:25,01h 25m,19:50,Go First,4003,,
GOI,Goa Dabolim International Airport,BOM,13:30,01h 25m,14:55,SpiceJet,4131,,
GOI,Goa Dabolim International Airport,BOM,17:35,01h 15m,18:50,SpiceJet,4193,,
GOI,Goa Dabolim International Airport,BOM,22:30,01h 15m,23:45,AirAsia India,4292,,
GOI,Goa Dabolim International Airport,BOM,17:20,01h 20m,18:40,Go First,4333,,
GOI,Goa Dabolim International Airport,BOM,15:15,01h 20m,16:35,Air India,5278,,
GOI,Goa Dabolim International Airport,BOM,23:10,01h 25m,00:35,Air India,5870,,20745
GOI,Goa Dabolim International Airport,BOM,13:20,01h 25m,14:45,Vistara,6279,8216,27403
GOI,Goa Dabolim International Airport,BOM,06:50,01h 15m,08:05,Air India,6464,,20745
GOI,Goa Dabolim International Airport,BLR,14:40,01h 15m,15:55,Vistara,6994,8126,20581
GOI,Goa Dabolim International Airport,BLR,14:00,01h 05m,15:05,Go First,7282,,
GOI,Goa Dabolim International Airport,BLR,02:25,01h 10m,03:35,IndiGo,7584,,
GOI,Goa Dabolim International Airport,BLR,08:15,01h 15m,09:30,IndiGo,7584,,
GOI,Goa Dabolim International Airport,BLR,15:15,01h 10m,16:25,AirAsia India,7585,,
GOI,Goa Dabolim International Airport,BLR,15:15,01h 15m,16:30,AirAsia India,7585,,
GOI,Goa Dabolim International Airport,MAA,19:50,01h 30m,21:20,IndiGo,8757,,
GOI,Goa Dabolim International Airport,HYD,08:05,01h 35m,09:40,SpiceJet,6464,,
GOI,Goa Dabolim International Airport,HYD,21:05,01h 35m,22:40,SpiceJet,6930,,
GOI,Goa Dabolim International Airport,HYD,14:30,01h 05m,15:35,IndiGo,7320,,
GOI,Goa Dabolim International Airport,HYD,22:00,01h 15m,23:15,IndiGo,7320,,
GOI,Goa Dabolim International Airport,HYD,02:05,01h 15m,03:20,IndiGo,7320,,
GOI,Goa Dabolim International Airport,HYD,07:20,01h 15m,08:35,IndiGo,7320,,
GOI,Goa Dabolim International Airport,HYD,18:30,01h 15m,19:45,AirAsia India,7321,,
GOI,Goa Dabolim International Airport,CCU,15:05,02h 40m,17:45,IndiGo,13859,,
GOI,Goa Dabolim International Airport,AMD,07:50,01h 40m,09:30,SpiceJet,7650,,
GOI,Goa Dabolim International Airport,AMD,00:55,01h 30m,02:25,IndiGo,8757,,
GOI,Goa Dabolim International Airport,AMD,23:05,01h 40m,00:45,IndiGo,8757,,
GOI,Goa Dabolim International Airport,AMD,15:15,01h 40m,16:55,IndiGo,8757,,
GOI,Goa Dabolim International Airport,AMD,20:50,01h 30m,22:20,Go First,8758,,
GOI,Goa Dabolim International Airport,AMD,07:35,01h 45m,09:20,Go First,8758,,
GOI,Goa Dabolim International Airport,ATQ,23:55,02h 35m,02:30,IndiGo,6759,,
GOI,Goa Dabolim International Airport,NAG,01:30,01h 35m,03:05,IndiGo,7853,,
GOI,Goa Dabolim International Airport,IDR,14:55,02h 05m,17:00,IndiGo,8485,,
TRZ,Tiruchirapalli International Airport,BLR,22:35,01h 00m,23:35,IndiGo,4904,,
TRZ,Tiruchirapalli International Airport,BLR,09:15,01h 10m,10:25,IndiGo,5378,,
TRZ,Tiruchirapalli International Airport,MAA,17:10,01h 00m,18:10,IndiGo,4991,,
TRZ,Tiruchirapalli International Airport,MAA,11:20,01h 05m,12:25,IndiGo,4991,,
TRZ,Tiruchirapalli International Airport,MAA,08:55,01h 15m,10:10,IndiGo,5473,,
TRZ,Tiruchirapalli International Airport,MAA,21:05,01h 00m,22:05,IndiGo,6198,,
TRZ,Tiruchirapalli International Airport,MAA,15:40,01h 00m,16:40,IndiGo,6560,,
TRZ,Tiruchirapalli International Airport,HYD,09:10,01h 45m,10:55,IndiGo,6560,,
GAU,"Lokpriya Gopinath Bordoloi International Airport, Guwahati",DEL,18:20,02h 35m,20:55,Vistara,10185,11012,54048
GAU,"Lokpriya Gopinath Bordoloi International Airport, Guwahati",DEL,12:45,02h 55m,15:40,Vistara,10185,15134,40084
GAU,"Lokpriya Gopinath Bordoloi International Airport, Guwahati",DEL,15:55,02h 45m,18:40,Air India,10366,,29504
GAU,"Lokpriya Gopinath Bordoloi International Airport, Guwahati",DEL,16:10,02h 55m,19:05,SpiceJet,10366,,
GAU,"Lokpriya Gopinath Bordoloi International Airport, Guwahati",BOM,16:10,03h 25m,19:35,IndiGo,10755,,
GAU,"Lokpriya Gopinath Bordoloi International Airport, Guwahati",BOM,06:50,03h 35m,10:25,IndiGo,10755,,
GAU,"Lokpriya Gopinath Bordoloi International Airport, Guwahati",BLR,17:45,03h 20m,21:05,IndiGo,16278,,
GAU,"Lokpriya Gopinath Bordoloi International Airport, Guwahati",BLR,12:15,03h 10m,15:25,AirAsia India,17164,,
GAU,"Lokpriya Gopinath Bordoloi International Airport, Guwahati",BLR,13:05,03h 15m,16:20,Vistara,19525,,
GAU,"Lokpriya Gopinath Bordoloi International Airport, Guwahati",BLR,17:45,03h 10m,20:55,IndiGo,20054,,
GAU,"Lokpriya Gopinath Bordoloi International Airport, Guwahati",MAA,17:10,02h 55m,20:05,SpiceJet,11677,,
GAU,"Lokpriya Gopinath Bordoloi International Airport, Guwahati",MAA,08:45,03h 05m,11:50,IndiGo,12192,,
GAU,"Lokpriya Gopinath Bordoloi International Airport, Guwahati",MAA,12:15,02h 50m,15:05,IndiGo,12418,,
GAU,"Lokpriya Gopinath Bordoloi International Airport, Guwahati",HYD,16:00,02h 35m,18:35,IndiGo,12757,,
GAU,"Lokpriya Gopinath Bordoloi International Airport, Guwahati",CCU,11:40,01h 20m,13:00,Air India,7636,,
GAU,"Lokpriya Gopinath Bordoloi International Airport, Guwahati",CCU,14:00,01h 25m,15:25,Air India,8210,,22517
GAU,"Lokpriya Gopinath Bordoloi International Airport, Guwahati",CCU,18:30,01h 30m,20:00,SpiceJet,8210,,
GAU,"Lokpriya Gopinath Bordoloi International Airport, Guwahati",CCU,11:05,01h 15m,12:20,Go First,8499,,
GAU,"Lokpriya Gopinath Bordoloi International Airport, Guwahati",CCU,20:50,01h 15m,22:05,IndiGo,8613,,
GAU,"Lokpriya Gopinath Bordoloi International Airport, Guwahati",CCU,19:15,01h 15m,20:30,IndiGo,8613,,
GAU,"Lokpriya Gopinath Bordoloi International Airport, Guwahati",CCU,08:50,01h 20m,10:10,IndiGo,8613,,
GAU,"Lokpriya Gopinath Bordoloi International Airport, Guwahati",CCU,06:50,01h 30m,08:20,IndiGo,8613,,
GAU,"Lokpriya Gopinath Bordoloi International Airport, Guwahati",PAT,06:00,01h 35m,07:35,SpiceJet,4700,,
GAU,"Lokpriya Gopinath Bordoloi International Airport, Guwahati",PAT,15:30,01h 35m,17:05,IndiGo,5103,,
VTZ,Visakhapatnam International Airport,DEL,12:35,02h 10m,14:45,Air India,9756,,22430
VTZ,Visakhapatnam International Airport,DEL,18:10,02h 10m,20:20,Air India,9756,,23029
VTZ,Visakhapatnam International Airport,DEL,22:40,02h 25m,01:05,IndiGo,10142,,
VTZ,Visakhapatnam International Airport,DEL,08:05,02h 25m,10:30,IndiGo,10142,,
VTZ,Visakhapatnam International Airport,DEL,18:50,02h 30m,21:20,AirAsia India,10142,,
VTZ,Visakhapatnam International Airport,BOM,14:10,02h 15m,16:25,Air India,9672,,44524
VTZ,Visakhapatnam International Airport,BOM,14:55,02h 10m,17:05,IndiGo,10142,,
VTZ,Visakhapatnam International Airport,BLR,14:35,01h 15m,15:50,IndiGo,8665,,
VTZ,Visakhapatnam International Airport,BLR,19:00,01h 25m,20:25,IndiGo,8665,,
VTZ,Visakhapatnam International Airport,BLR,07:40,01h 30m,09:10,IndiGo,8665,,
VTZ,Visakhapatnam International Airport,BLR,11:15,01h 45m,13:00,AirAsia India,8665,,
VTZ,Visakhapatnam International Airport,MAA,22:20,01h 15m,23:35,IndiGo,5364,,
VTZ,Visakhapatnam International Airport,MAA,12:30,01h 15m,13:45,IndiGo,5364,,
VTZ,Visakhapatnam International Airport,MAA,17:40,01h 30m,19:10,IndiGo,5364,,
VTZ,Visakhapatnam International Airport,MAA,08:55,01h 25m,10:20,IndiGo,6063,,
VTZ,Visakhapatnam International Airport,HYD,21:40,01h 40m,23:20,SpiceJet,6373,,
VTZ,Visakhapatnam International Airport,HYD,13:30,00h 55m,14:25,IndiGo,7228,,
VTZ,Visakhapatnam International Airport,HYD,08:25,01h 05m,09:30,IndiGo,7228,,
VTZ,Visakhapatnam International Airport,HYD,20:40,01h 05m,21:45,IndiGo,7228,,
VTZ,Visakhapatnam International Airport,HYD,18:40,01h 10m,19:50,IndiGo,7228,,
VTZ,Visakhapatnam International Airport,HYD,23:50,01h 10m,01:00,IndiGo,7228,,
VTZ,Visakhapatnam International Airport,HYD,16:30,01h 15m,17:45,IndiGo,7228,,
VTZ,Visakhapatnam International Airport,HYD,10:55,01h 50m,12:45,IndiGo,7228,,
VTZ,Visakhapatnam International Airport,CCU,23:00,01h 55m,00:55,SpiceJet,7423,,
VTZ,Visakhapatnam International Airport,CCU,19:50,01h 55m,21:45,SpiceJet,8122,,
VTZ,Visakhapatnam International Airport,CCU,15:25,01h 10m,16:35,IndiGo,8511,,
VTZ,Visakhapatnam International Airport,CCU,15:25,01h 25m,16:50,IndiGo,8511,,
ATQ,Sri Guru Ram Dass Jee International Airport,DEL,09:45,01h 15m,11:00,Vistara,7039,8404,21868
ATQ,"Sri Guru Ram Dass Jee International Airport, Amritsar",DEL,15:25,01h 15m,16:40,Vistara,7039,9062,21868
ATQ,"Sri Guru Ram Dass Jee International Airport, Amritsar",DEL,21:20,01h 40m,23:00,SpiceJet,7221,,
ATQ,"Sri Guru Ram Dass Jee International Airport, Amritsar",DEL,23:05,01h 10m,00:15,Air India,7224,,17666
ATQ,"Sri Guru Ram Dass Jee International Airport, Amritsar",DEL,19:05,01h 10m,20:15,IndiGo,7618,,
ATQ,"Sri Guru Ram Dass Jee International Airport, Amritsar",DEL,11:40,01h 20m,13:00,IndiGo,7618,,
ATQ,"Sri Guru Ram Dass Jee International Airport, Amritsar",BOM,09:05,02h 30m,11:35,Air India,11139,,22687
ATQ,"Sri Guru Ram Dass Jee International Airport, Amritsar",BOM,12:10,02h 30m,14:40,Go First,11413,,
ATQ,"Sri Guru Ram Dass Jee International Airport, Amritsar",BOM,08:55,02h 30m,11:25,IndiGo,11533,,
ATQ,"Sri Guru Ram Dass Jee International Airport, Amritsar",BLR,16:10,03h 05m,19:15,IndiGo,15332,,
ATQ,"Sri Guru Ram Dass Jee International Airport, Amritsar",CCU,21:45,02h 25m,00:10,IndiGo,6018,,
ATQ,"Sri Guru Ram Dass Jee International Airport, Amritsar",AMD,22:00,02h 20m,00:20,SpiceJet,7863,,
ATQ,"Sri Guru Ram Dass Jee International Airport, Amritsar",GOI,22:45,02h 50m,01:35,IndiGo,5810,,
ATQ,"Sri Guru Ram Dass Jee International Airport, Amritsar",SXR,09:35,00h 55m,10:30,Go First,6901,,
ATQ,"Sri Guru Ram Dass Jee International Airport, Amritsar",SXR,13:05,00h 55m,14:00,IndiGo,6901,,
ATQ,"Sri Guru Ram Dass Jee International Airport, Amritsar",SXR,08:25,01h 05m,09:30,IndiGo,6901,,
ATQ,"Sri Guru Ram Dass Jee International Airport, Amritsar",PAT,11:55,02h 40m,14:35,SpiceJet,6461,,
NAG,Dr. Babasaheb Ambedkar International Airport,DEL,08:20,01h 40m,10:00,Go First,7108,,
NAG,"Dr. Babasaheb Ambedkar International Airport, Nagpur",DEL,07:40,01h 50m,09:30,Air India,8148,,20379
NAG,"Dr. Babasaheb Ambedkar International Airport, Nagpur",DEL,07:40,01h 15m,08:55,Air India,8217,,20978
NAG,"Dr. Babasaheb Ambedkar International Airport, Nagpur",DEL,15:35,01h 40m,17:15,IndiGo,8604,,
NAG,"Dr. Babasaheb Ambedkar International Airport, Nagpur",DEL,07:30,01h 50m,09:20,IndiGo,8604,,
NAG,"Dr. Babasaheb Ambedkar International Airport, Nagpur",DEL,23:05,01h 55m,01:00,IndiGo,8604,,
NAG,"Dr. Babasaheb Ambedkar International Airport, Nagpur",BOM,20:05,01h 30m,21:35,Go First,6035,,
NAG,"Dr. Babasaheb Ambedkar International Airport, Nagpur",BOM,09:05,01h 35m,10:40,Go First,6035,,
NAG,"Dr. Babasaheb Ambedkar International Airport, Nagpur",BOM,21:20,01h 30m,22:50,Air India,6580,,17182
NAG,"Dr. Babasaheb Ambedkar International Airport, Nagpur",BOM,07:55,01h 25m,09:20,Air India,7125,,17182
NAG,"Dr. Babasaheb Ambedkar International Airport, Nagpur",BOM,06:00,01h 25m,07:25,IndiGo,7585,,
NAG,"Dr. Babasaheb Ambedkar International Airport, Nagpur",BOM,11:45,01h 30m,13:15,IndiGo,7585,,
NAG,"Dr. Babasaheb Ambedkar International Airport, Nagpur",BLR,20:05,01h 40m,21:45,IndiGo,6505,,
NAG,"Dr. Babasaheb Ambedkar International Airport, Nagpur",BLR,08:35,01h 40m,10:15,IndiGo,7022,,
NAG,"Dr. Babasaheb Ambedkar International Airport, Nagpur",BLR,16:20,01h 40m,18:00,IndiGo,7318,,
NAG,"Dr. Babasaheb Ambedkar International Airport, Nagpur",BLR,20:05,01h 55m,22:00,IndiGo,7638,,
NAG,"Dr. Babasaheb Ambedkar International Airport, Nagpur",MAA,22:20,01h 45m,00:05,IndiGo,8166,,
NAG,"Dr. Babasaheb Ambedkar International Airport, Nagpur",HYD,15:45,01h 30m,17:15,IndiGo,7335,,
NAG,"Dr. Babasaheb Ambedkar International Airport, Nagpur",HYD,07:35,01h 45m,09:20,IndiGo,8047,,
NAG,"Dr. Babasaheb Ambedkar International Airport, Nagpur",CCU,06:20,01h 35m,07:55,IndiGo,6623,,
NAG,"Dr. Babasaheb Ambedkar International Airport, Nagpur",AMD,07:35,02h 00m,09:35,IndiGo,6506,,
NAG,"Dr. Babasaheb Ambedkar International Airport, Nagpur",AMD,21:50,02h 00m,23:50,IndiGo,6506,,
NAG,"Dr. Babasaheb Ambedkar International Airport, Nagpur",AMD,13:05,02h 00m,15:05,IndiGo,8299,,
NAG,"Dr. Babasaheb Ambedkar International Airport, Nagpur",GOI,23:15,01h 40m,00:55,IndiGo,7454,,
NAG,"Dr. Babasaheb Ambedkar International Airport, Nagpur",IDR,13:10,01h 20m,14:30,IndiGo,5146,,
SXR,Srinagar International Airport,DEL,18:05,01h 30m,19:35,Go First,4468,,
SXR,Srinagar International Airport,DEL,19:40,01h 30m,21:10,Go First,4468,,
SXR,Srinagar International Airport,DEL,11:00,01h 35m,12:35,Go First,4468,,
SXR,Srinagar International Airport,DEL,21:35,01h 40m,23:15,Go First,4468,,
SXR,Srinagar International Airport,DEL,10:00,01h 40m,11:40,Go First,4468,,
SXR,Srinagar International Airport,DEL,13:05,01h 40m,14:45,Go First,4468,,
SXR,Srinagar International Airport,DEL,14:30,01h 40m,16:10,Go First,4468,,
SXR,Srinagar International Airport,DEL,08:45,01h 35m,10:20,SpiceJet,4619,,
SXR,Srinagar International Airport,DEL,17:00,01h 35m,18:35,SpiceJet,4619,,
SXR,Srinagar International Airport,DEL,18:40,01h 40m,20:20,SpiceJet,4619,,
SXR,Srinagar International Airport,DEL,11:55,01h 40m,13:35,SpiceJet,4619,,
SXR,Srinagar International Airport,DEL,11:35,01h 45m,13:20,SpiceJet,4619,,
SXR,Srinagar International Airport,DEL,19:20,01h 50m,21:10,SpiceJet,4619,,
SXR,Srinagar International Airport,DEL,07:10,01h 25m,08:35,AirAsia India,4709,,
SXR,Srinagar International Airport,DEL,07:55,01h 30m,09:25,AirAsia India,4709,,
SXR,Srinagar International Airport,DEL,13:25,01h 35m,15:00,AirAsia India,4709,,
SXR,Srinagar International Airport,DEL,20:40,01h 35m,22:15,AirAsia India,4709,,
SXR,Srinagar International Airport,DEL,16:35,01h 35m,18:10,AirAsia India,4709,,
SXR,Srinagar International Airport,DEL,14:05,01h 35m,15:40,AirAsia India,4709,,
SXR,Srinagar International Airport,BOM,10:35,02h 50m,13:25,SpiceJet,10802,,
SXR,Srinagar International Airport,BOM,13:15,02h 55m,16:10,SpiceJet,10802,,
SXR,Srinagar International Airport,BOM,10:35,03h 00m,13:35,SpiceJet,10802,,
SXR,Srinagar International Airport,BOM,17:45,03h 00m,20:45,SpiceJet,10802,,
SXR,Srinagar International Airport,BOM,07:45,03h 05m,10:50,Go First,10968,,
SXR,Srinagar International Airport,BOM,08:30,03h 00m,11:30,Go First,11076,,
SXR,Srinagar International Airport,BOM,15:35,03h 00m,18:35,Go First,11076,,
SXR,Srinagar International Airport,BOM,18:20,02h 30m,20:50,IndiGo,11190,,
SXR,Srinagar International Airport,BOM,16:15,02h 45m,19:00,Vistara,11382,13603,28445
SXR,Srinagar International Airport,HYD,17:10,02h 55m,20:05,IndiGo,11452,,
SXR,Srinagar International Airport,ATQ,08:10,00h 50m,09:00,Go First,6762,,
SXR,Srinagar International Airport,ATQ,10:00,00h 55m,10:55,IndiGo,6762,,
SXR,Srinagar International Airport,ATQ,14:30,01h 05m,15:35,IndiGo,6762,,
IXE,Mangalore International Airport,DEL,10:45,02h 35m,13:20,IndiGo,11988,,
IXE,Mangalore International Airport,BOM,13:30,01h 40m,15:10,Go First,7131,,
IXE,Mangalore International Airport,BOM,12:40,01h 45m,14:25,Air India,8207,,16963
IXE,Mangalore International Airport,BOM,07:55,01h 30m,09:25,IndiGo,8680,,
IXE,Mangalore International Airport,BOM,17:00,01h 30m,18:30,IndiGo,8680,,
IXE,Mangalore International Airport,BOM,11:00,01h 40m,12:40,IndiGo,8680,,
IXE,Mangalore International Airport,BLR,21:30,01h 05m,22:35,SpiceJet,6234,,
IXE,Mangalore International Airport,BLR,18:50,00h 50m,19:40,IndiGo,6630,,
IXE,Mangalore International Airport,BLR,13:40,00h 55m,14:35,IndiGo,6630,,
IXE,Mangalore International Airport,BLR,12:00,01h 00m,13:00,IndiGo,6630,,
IXE,Mangalore International Airport,BLR,20:40,01h 10m,21:50,IndiGo,6630,,
IXE,Mangalore International Airport,BLR,22:15,01h 30m,23:45,IndiGo,6630,,
IXE,Mangalore International Airport,MAA,20:55,01h 45m,22:40,IndiGo,6106,,
IXE,Mangalore International Airport,HYD,20:45,01h 45m,22:30,IndiGo,7352,,
IXE,Mangalore International Airport,HYD,11:50,01h 50m,13:40,IndiGo,7352,,
IDR,"Devi Ahilyabai Holkar International Airport, Indore",DEL,08:05,01h 30m,09:35,Vistara,7938,,
IDR,"Devi Ahilyabai Holkar International Airport, Indore",DEL,20:05,01h 30m,21:35,Vistara,7938,,
IDR,"Devi Ahilyabai Holkar International Airport, Indore",DEL,21:00,01h 35m,22:35,Air India,8119,,17674
IDR,"Devi Ahilyabai Holkar International Airport, Indore",DEL,09:25,01h 45m,11:10,Air India,8119,,17075
IDR,"Devi Ahilyabai Holkar International Airport, Indore",DEL,19:45,01h 30m,21:15,IndiGo,8505,,
IDR,"Devi Ahilyabai Holkar International Airport, Indore",DEL,22:10,01h 55m,00:05,IndiGo,8505,,
IDR,"Devi Ahilyabai Holkar International Airport, Indore",BOM,16:35,01h 35m,18:10,Air India,6323,,17088
IDR,"Devi Ahilyabai Holkar International Airport, Indore",BOM,14:35,01h 15m,15:50,Vistara,6655,,
IDR,"Devi Ahilyabai Holkar International Airport, Indore",BOM,21:00,01h 10m,22:10,IndiGo,7223,,
IDR,"Devi Ahilyabai Holkar International Airport, Indore",BOM,06:15,01h 10m,07:25,IndiGo,7223,,
IDR,"Devi Ahilyabai Holkar International Airport, Indore",BOM,16:10,01h 15m,17:25,IndiGo,7223,,
IDR,"Devi Ahilyabai Holkar International Airport, Indore",BOM,09:05,01h 30m,10:35,IndiGo,7223,,
IDR,"Devi Ahilyabai Holkar International Airport, Indore",BLR,19:55,01h 55m,21:50,Vistara,9569,,
IDR,"Devi Ahilyabai Holkar International Airport, Indore",BLR,20:50,01h 50m,22:40,IndiGo,10137,,
IDR,"Devi Ahilyabai Holkar International Airport, Indore",BLR,06:10,01h 55m,08:05,IndiGo,10137,,
IDR,"Devi Ahilyabai Holkar International Airport, Indore",BLR,15:25,01h 55m,17:20,IndiGo,10137,,
IDR,"Devi Ahilyabai Holkar International Airport, Indore",HYD,16:45,01h 25m,18:10,IndiGo,5930,,
IDR,"Devi Ahilyabai Holkar International Airport, Indore",HYD,08:25,02h 10m,10:35,IndiGo,5930,,
IDR,"Devi Ahilyabai Holkar International Airport, Indore",HYD,12:05,01h 25m,13:30,IndiGo,6167,,
IDR,"Devi Ahilyabai Holkar International Airport, Indore",CCU,17:30,02h 00m,19:30,IndiGo,8303,,
IDR,"Devi Ahilyabai Holkar International Airport, Indore",AMD,07:55,01h 10m,09:05,IndiGo,5099,,
IDR,"Devi Ahilyabai Holkar International Airport, Indore",GOI,12:25,01h 50m,14:15,IndiGo,8681,,
IDR,"Devi Ahilyabai Holkar International Airport, Indore",NAG,14:05,01h 20m,15:25,IndiGo,4586,,
PAT,"Lok Nayak Jayaprakash International Airport, Patna",DEL,08:30,01h 40m,10:10,Go First,5547,,
PAT,"Lok Nayak Jayaprakash International Airport, Patna",DEL,17:20,01h 45m,19:05,Go First,5547,,
PAT,"Lok Nayak Jayaprakash International Airport, Patna",DEL,14:40,01h 45m,16:25,Go First,5547,,
PAT,"Lok Nayak Jayaprakash International Airport, Patna",DEL,12:00,02h 00m,14:00,SpiceJet,5750,,
PAT,"Lok Nayak Jayaprakash International Airport, Patna",DEL,21:20,02h 10m,23:30,SpiceJet,5750,,
PAT,"Lok Nayak Jayaprakash International Airport, Patna",DEL,19:10,01h 45m,20:55,Air India,7344,,22926
PAT,"Lok Nayak Jayaprakash International Airport, Patna",DEL,10:10,01h 45m,11:55,Vistara,7809,,22753
PAT,"Lok Nayak Jayaprakash International Airport, Patna",DEL,20:30,01h 50m,22:20,Vistara,7809,,12255
PAT,"Lok Nayak Jayaprakash International Airport, Patna",DEL,16:00,01h 35m,17:35,Air India,7922,,22926
PAT,"Lok Nayak Jayaprakash International Airport, Patna",BOM,10:45,02h 55m,13:40,SpiceJet,9621,,
PAT,"Lok Nayak Jayaprakash International Airport, Patna",BOM,09:15,02h 50m,12:05,Air India,9622,,22314
PAT,"Lok Nayak Jayaprakash International Airport, Patna",BOM,12:10,02h 30m,14:40,IndiGo,10009,,
PAT,"Lok Nayak Jayaprakash International Airport, Patna",BOM,14:20,02h 30m,16:50,Go First,10009,,
PAT,"Lok Nayak Jayaprakash International Airport, Patna",BOM,20:45,02h 40m,23:25,IndiGo,10009,,
PAT,"Lok Nayak Jayaprakash International Airport, Patna",BLR,16:40,02h 50m,19:30,SpiceJet,10744,,
PAT,"Lok Nayak Jayaprakash International Airport, Patna",BLR,12:20,02h 40m,15:00,Go First,11019,,
PAT,"Lok Nayak Jayaprakash International Airport, Patna",BLR,18:45,02h 40m,21:25,IndiGo,11139,,
PAT,"Lok Nayak Jayaprakash International Airport, Patna",BLR,11:40,02h 40m,14:20,IndiGo,11139,,
PAT,"Lok Nayak Jayaprakash International Airport, Patna",BLR,05:55,02h 50m,08:45,IndiGo,11139,,
PAT,"Lok Nayak Jayaprakash International Airport, Patna",MAA,15:45,02h 35m,18:20,IndiGo,11940,,
PAT,"Lok Nayak Jayaprakash International Airport, Patna",HYD,11:05,02h 05m,13:10,IndiGo,10370,,
PAT,"Lok Nayak Jayaprakash International Airport, Patna",HYD,16:30,02h 05m,18:35,IndiGo,10370,,
PAT,"Lok Nayak Jayaprakash International Airport, Patna",HYD,23:15,02h 05m,01:20,IndiGo,10370,,
PAT,"Lok Nayak Jayaprakash International Airport, Patna",CCU,19:50,01h 05m,20:55,IndiGo,6274,,
PAT,"Lok Nayak Jayaprakash International Airport, Patna",CCU,16:20,01h 10m,17:30,IndiGo,6274,,
PAT,"Lok Nayak Jayaprakash International Airport, Patna",CCU,09:05,01h 00m,10:05,IndiGo,6986,,
PAT,"Lok Nayak Jayaprakash International Airport, Patna",AMD,17:30,02h 30m,20:00,SpiceJet,7422,,
PAT,"Lok Nayak Jayaprakash International Airport, Patna",AMD,17:45,02h 05m,19:50,IndiGo,8883,,
PAT,"Lok Nayak Jayaprakash International Airport, Patna",AMD,17:45,02h 10m,19:55,IndiGo,10309,,
PAT,"Lok Nayak Jayaprakash International Airport, Patna",GAU,15:05,01h 40m,16:45,SpiceJet,4399,,
PAT,"Lok Nayak Jayaprakash International Airport, Patna",GAU,13:45,01h 15m,15:00,IndiGo,4801,,
PAT,"Lok Nayak Jayaprakash International Airport, Patna",ATQ,07:55,02h 45m,10:40,SpiceJet,6116,,
